,conductivity,GUID,run_order,Temp (C) 2,postdata,endpoint,output_cid,LiPF6_molalitt,EC_mass_fraction,DMC_cosolvent_ratio,sampling,expt_time,feeder_volume_valve_derate,feeder_densities,feeder_volumes
0,5.933696871,9441334426D6AE47B1395A4CBBE31B3F,1,25.77506494,"[('DMCEC7030', '1140-5-0.95'), ('DMCEC5050', '570-15-0.95'), ('DMCEC7030LiPF62', '0-4-0.8'), ('DMCEC5050LiPF62', '190-3-0.7')]",RUNfast_derated2,DMC_EC|62_38|LiPF6|0.18,0.18,0.38,1,RAND,16,"[('DMC_EC|70_30', '1140-5-0.95'), ('DMC_EC|50_50', '570-15-0.95'), ('DMC_EC|70_30|LiPF6|2', '0-4-0.8'), ('DMC_EC|50_50|LiPF6|2', '190-3-0.7')]","{'DMC_EC|70_30|LiPF6|2': 1.31, 'DMC_EC|50_50|LiPF6|2': 1.362, 'DMC_EC|70_30': 1.13, 'DMC_EC|50_50': 1.18}","{'DMC_EC|70_30': 1140, 'DMC_EC|50_50': 570, 'DMC_EC|70_30|LiPF6|2': 0, 'DMC_EC|50_50|LiPF6|2': 190}"
1,5.889316191,CAAEFAEE57934165A9A7075A6374764B,2,25.92,"[('DMCEC7030', '1140-5-0.95'), ('DMCEC5050', '570-15-0.95'), ('DMCEC7030LiPF62', '0-4-0.8'), ('DMCEC5050LiPF62', '190-3-0.7')]",RUNfast_derated2,DMC_EC|62_38|LiPF6|0.18,0.18,0.38,1,RAND,15,"[('DMC_EC|70_30', '1140-5-0.95'), ('DMC_EC|50_50', '570-15-0.95'), ('DMC_EC|70_30|LiPF6|2', '0-4-0.8'), ('DMC_EC|50_50|LiPF6|2', '190-3-0.7')]","{'DMC_EC|70_30|LiPF6|2': 1.31, 'DMC_EC|50_50|LiPF6|2': 1.362, 'DMC_EC|70_30': 1.13, 'DMC_EC|50_50': 1.18}","{'DMC_EC|70_30': 1140, 'DMC_EC|50_50': 570, 'DMC_EC|70_30|LiPF6|2': 0, 'DMC_EC|50_50|LiPF6|2': 190}"
2,6.396438463,BCAC95A3839D7FC5918EC8FA9BE3C415,3,26.05714286,"[('DMCEC7030', '1140-5-0.95'), ('DMCEC5050', '570-15-0.95'), ('DMCEC7030LiPF62', '0-4-0.8'), ('DMCEC5050LiPF62', '190-3-0.7')]",RUNfast_derated2,DMC_EC|62_38|LiPF6|0.18,0.18,0.38,1,RAND,16,"[('DMC_EC|70_30', '1140-5-0.95'), ('DMC_EC|50_50', '570-15-0.95'), ('DMC_EC|70_30|LiPF6|2', '0-4-0.8'), ('DMC_EC|50_50|LiPF6|2', '190-3-0.7')]","{'DMC_EC|70_30|LiPF6|2': 1.31, 'DMC_EC|50_50|LiPF6|2': 1.362, 'DMC_EC|70_30': 1.13, 'DMC_EC|50_50': 1.18}","{'DMC_EC|70_30': 1140, 'DMC_EC|50_50': 570, 'DMC_EC|70_30|LiPF6|2': 0, 'DMC_EC|50_50|LiPF6|2': 190}"
3,13.10496894,278D4E537E86A81E0E1D41B7D4883AC7,1,26.39636364,"[('DMCEC7030', '475-5-0.95'), ('DMCEC5050', '760-15-0.95'), ('DMCEC7030LiPF62', '475-4-0.8'), ('DMCEC5050LiPF62', '190-3-0.7')]",RUNfast_derated2,DMC_EC|60_40|LiPF6|0.64,0.64,0.4,1,RAND,19,"[('DMC_EC|70_30', '475-5-0.95'), ('DMC_EC|50_50', '760-15-0.95'), ('DMC_EC|70_30|LiPF6|2', '475-4-0.8'), ('DMC_EC|50_50|LiPF6|2', '190-3-0.7')]","{'DMC_EC|70_30|LiPF6|2': 1.31, 'DMC_EC|50_50|LiPF6|2': 1.362, 'DMC_EC|70_30': 1.13, 'DMC_EC|50_50': 1.18}","{'DMC_EC|70_30': 475, 'DMC_EC|50_50': 760, 'DMC_EC|70_30|LiPF6|2': 475, 'DMC_EC|50_50|LiPF6|2': 190}"
4,12.64262381,FB9D5682B359A14A8065160EB38FBEB4,2,26.36883117,"[('DMCEC7030', '475-5-0.95'), ('DMCEC5050', '760-15-0.95'), ('DMCEC7030LiPF62', '475-4-0.8'), ('DMCEC5050LiPF62', '190-3-0.7')]",RUNfast_derated2,DMC_EC|60_40|LiPF6|0.64,0.64,0.4,1,RAND,19,"[('DMC_EC|70_30', '475-5-0.95'), ('DMC_EC|50_50', '760-15-0.95'), ('DMC_EC|70_30|LiPF6|2', '475-4-0.8'), ('DMC_EC|50_50|LiPF6|2', '190-3-0.7')]","{'DMC_EC|70_30|LiPF6|2': 1.31, 'DMC_EC|50_50|LiPF6|2': 1.362, 'DMC_EC|70_30': 1.13, 'DMC_EC|50_50': 1.18}","{'DMC_EC|70_30': 475, 'DMC_EC|50_50': 760, 'DMC_EC|70_30|LiPF6|2': 475, 'DMC_EC|50_50|LiPF6|2': 190}"
5,12.37807565,29D237D06D2CBDD66E3A67ACDE38E767,3,26.38025974,"[('DMCEC7030', '475-5-0.95'), ('DMCEC5050', '760-15-0.95'), ('DMCEC7030LiPF62', '475-4-0.8'), ('DMCEC5050LiPF62', '190-3-0.7')]",RUNfast_derated2,DMC_EC|60_40|LiPF6|0.64,0.64,0.4,1,RAND,20,"[('DMC_EC|70_30', '475-5-0.95'), ('DMC_EC|50_50', '760-15-0.95'), ('DMC_EC|70_30|LiPF6|2', '475-4-0.8'), ('DMC_EC|50_50|LiPF6|2', '190-3-0.7')]","{'DMC_EC|70_30|LiPF6|2': 1.31, 'DMC_EC|50_50|LiPF6|2': 1.362, 'DMC_EC|70_30': 1.13, 'DMC_EC|50_50': 1.18}","{'DMC_EC|70_30': 475, 'DMC_EC|50_50': 760, 'DMC_EC|70_30|LiPF6|2': 475, 'DMC_EC|50_50|LiPF6|2': 190}"
6,8.216821543,6A085DED47CA81C76DC4DC34BBF9DD5D,1,26.63896104,"[('DMCEC7030', '0-5-0.95'), ('DMCEC5050', '95-15-0.95'), ('DMCEC7030LiPF62', '95-4-0.8'), ('DMCEC5050LiPF62', '1710-3-0.7')]",RUNfast_derated2,DMC_EC|51_49|LiPF6|1.89,1.89,0.49,1,RAND,16,"[('DMC_EC|70_30', '0-5-0.95'), ('DMC_EC|50_50', '95-15-0.95'), ('DMC_EC|70_30|LiPF6|2', '95-4-0.8'), ('DMC_EC|50_50|LiPF6|2', '1710-3-0.7')]","{'DMC_EC|70_30|LiPF6|2': 1.31, 'DMC_EC|50_50|LiPF6|2': 1.362, 'DMC_EC|70_30': 1.13, 'DMC_EC|50_50': 1.18}","{'DMC_EC|70_30': 0, 'DMC_EC|50_50': 95, 'DMC_EC|70_30|LiPF6|2': 95, 'DMC_EC|50_50|LiPF6|2': 1710}"
7,8.316652969,132FA80C0853501CE13AC277AAE96F96,2,26.61142857,"[('DMCEC7030', '0-5-0.95'), ('DMCEC5050', '95-15-0.95'), ('DMCEC7030LiPF62', '95-4-0.8'), ('DMCEC5050LiPF62', '1710-3-0.7')]",RUNfast_derated2,DMC_EC|51_49|LiPF6|1.89,1.89,0.49,1,RAND,17,"[('DMC_EC|70_30', '0-5-0.95'), ('DMC_EC|50_50', '95-15-0.95'), ('DMC_EC|70_30|LiPF6|2', '95-4-0.8'), ('DMC_EC|50_50|LiPF6|2', '1710-3-0.7')]","{'DMC_EC|70_30|LiPF6|2': 1.31, 'DMC_EC|50_50|LiPF6|2': 1.362, 'DMC_EC|70_30': 1.13, 'DMC_EC|50_50': 1.18}","{'DMC_EC|70_30': 0, 'DMC_EC|50_50': 95, 'DMC_EC|70_30|LiPF6|2': 95, 'DMC_EC|50_50|LiPF6|2': 1710}"
8,8.257649635,341629E0B7B942EFC6B4B9D31B18D654,3,26.59324675,"[('DMCEC7030', '0-5-0.95'), ('DMCEC5050', '95-15-0.95'), ('DMCEC7030LiPF62', '95-4-0.8'), ('DMCEC5050LiPF62', '1710-3-0.7')]",RUNfast_derated2,DMC_EC|51_49|LiPF6|1.89,1.89,0.49,1,RAND,16,"[('DMC_EC|70_30', '0-5-0.95'), ('DMC_EC|50_50', '95-15-0.95'), ('DMC_EC|70_30|LiPF6|2', '95-4-0.8'), ('DMC_EC|50_50|LiPF6|2', '1710-3-0.7')]","{'DMC_EC|70_30|LiPF6|2': 1.31, 'DMC_EC|50_50|LiPF6|2': 1.362, 'DMC_EC|70_30': 1.13, 'DMC_EC|50_50': 1.18}","{'DMC_EC|70_30': 0, 'DMC_EC|50_50': 95, 'DMC_EC|70_30|LiPF6|2': 95, 'DMC_EC|50_50|LiPF6|2': 1710}"
9,10.05028418,70EC5EDA5A9EEF195E2EDBA859812174,1,26.79012987,"[('DMCEC7030', '0-5-0.95'), ('DMCEC5050', '0-15-0.95'), ('DMCEC7030LiPF62', '1520-4-0.8'), ('DMCEC5050LiPF62', '380-3-0.7')]",RUNfast_derated2,DMC_EC|66_34|LiPF6|2.0,2,0.34,1,RAND,13,"[('DMC_EC|70_30', '0-5-0.95'), ('DMC_EC|50_50', '0-15-0.95'), ('DMC_EC|70_30|LiPF6|2', '1520-4-0.8'), ('DMC_EC|50_50|LiPF6|2', '380-3-0.7')]","{'DMC_EC|70_30|LiPF6|2': 1.31, 'DMC_EC|50_50|LiPF6|2': 1.362, 'DMC_EC|70_30': 1.13, 'DMC_EC|50_50': 1.18}","{'DMC_EC|70_30': 0, 'DMC_EC|50_50': 0, 'DMC_EC|70_30|LiPF6|2': 1520, 'DMC_EC|50_50|LiPF6|2': 380}"
10,9.113085536,D698BC92B2F57E75832DAD58CEC4B8C2,2,26.79844156,"[('DMCEC7030', '0-5-0.95'), ('DMCEC5050', '0-15-0.95'), ('DMCEC7030LiPF62', '1520-4-0.8'), ('DMCEC5050LiPF62', '380-3-0.7')]",RUNfast_derated2,DMC_EC|66_34|LiPF6|2.0,2,0.34,1,RAND,12,"[('DMC_EC|70_30', '0-5-0.95'), ('DMC_EC|50_50', '0-15-0.95'), ('DMC_EC|70_30|LiPF6|2', '1520-4-0.8'), ('DMC_EC|50_50|LiPF6|2', '380-3-0.7')]","{'DMC_EC|70_30|LiPF6|2': 1.31, 'DMC_EC|50_50|LiPF6|2': 1.362, 'DMC_EC|70_30': 1.13, 'DMC_EC|50_50': 1.18}","{'DMC_EC|70_30': 0, 'DMC_EC|50_50': 0, 'DMC_EC|70_30|LiPF6|2': 1520, 'DMC_EC|50_50|LiPF6|2': 380}"
11,9.491820642,25C6A26B8796D9FBE4CF97498C136924,3,26.77506494,"[('DMCEC7030', '0-5-0.95'), ('DMCEC5050', '0-15-0.95'), ('DMCEC7030LiPF62', '1520-4-0.8'), ('DMCEC5050LiPF62', '380-3-0.7')]",RUNfast_derated2,DMC_EC|66_34|LiPF6|2.0,2,0.34,1,RAND,13,"[('DMC_EC|70_30', '0-5-0.95'), ('DMC_EC|50_50', '0-15-0.95'), ('DMC_EC|70_30|LiPF6|2', '1520-4-0.8'), ('DMC_EC|50_50|LiPF6|2', '380-3-0.7')]","{'DMC_EC|70_30|LiPF6|2': 1.31, 'DMC_EC|50_50|LiPF6|2': 1.362, 'DMC_EC|70_30': 1.13, 'DMC_EC|50_50': 1.18}","{'DMC_EC|70_30': 0, 'DMC_EC|50_50': 0, 'DMC_EC|70_30|LiPF6|2': 1520, 'DMC_EC|50_50|LiPF6|2': 380}"
12,9.14660058,129843A853DA789D0C287B30441DB231,1,27.55480519,"[('ECEMC3070', '190-15-0.9'), ('ECEMC3070LiPF61.5', '190-2-0.7'), ('ECEMC5050LiPF61.5', '1520-5-0.7')]",RUNfast_derated2,EC_EMC|46_54|LiPF6|1.34,1.34,0.46,0,RAND,16,"[('EC_EMC|30_70', '190-15-0.9'), ('EC_EMC|30_70|LiPF6|1.5', '190-2-0.7'), ('EC_EMC|50_50|LiPF6|1.5', '1520-5-0.7')]","{'EC_EMC|30_70|LiPF6|1.5': 1.225, 'EC_EMC|50_50|LiPF6|1.5': 1.287, 'EC_EMC|30_70': 1.095}","{'EC_EMC|30_70': 190, 'EC_EMC|30_70|LiPF6|1.5': 190, 'EC_EMC|50_50|LiPF6|1.5': 1520}"
13,9.409416027,AD127CFD70B9B515B39A988126B2C96E,2,27.55012987,"[('ECEMC3070', '190-15-0.9'), ('ECEMC3070LiPF61.5', '190-2-0.7'), ('ECEMC5050LiPF61.5', '1520-5-0.7')]",RUNfast_derated2,EC_EMC|46_54|LiPF6|1.34,1.34,0.46,0,RAND,17,"[('EC_EMC|30_70', '190-15-0.9'), ('EC_EMC|30_70|LiPF6|1.5', '190-2-0.7'), ('EC_EMC|50_50|LiPF6|1.5', '1520-5-0.7')]","{'EC_EMC|30_70|LiPF6|1.5': 1.225, 'EC_EMC|50_50|LiPF6|1.5': 1.287, 'EC_EMC|30_70': 1.095}","{'EC_EMC|30_70': 190, 'EC_EMC|30_70|LiPF6|1.5': 190, 'EC_EMC|50_50|LiPF6|1.5': 1520}"
14,9.519982672,1D750998D274B5943BAFB4418380689C,3,27.52155844,"[('ECEMC3070', '190-15-0.9'), ('ECEMC3070LiPF61.5', '190-2-0.7'), ('ECEMC5050LiPF61.5', '1520-5-0.7')]",RUNfast_derated2,EC_EMC|46_54|LiPF6|1.34,1.34,0.46,0,RAND,16,"[('EC_EMC|30_70', '190-15-0.9'), ('EC_EMC|30_70|LiPF6|1.5', '190-2-0.7'), ('EC_EMC|50_50|LiPF6|1.5', '1520-5-0.7')]","{'EC_EMC|30_70|LiPF6|1.5': 1.225, 'EC_EMC|50_50|LiPF6|1.5': 1.287, 'EC_EMC|30_70': 1.095}","{'EC_EMC|30_70': 190, 'EC_EMC|30_70|LiPF6|1.5': 190, 'EC_EMC|50_50|LiPF6|1.5': 1520}"
15,13.88321085,6D6A9CFCD3124EB5DC9F66737AB1B03F,1,26.83532468,"[('DMCEC7030', '190-5-0.95'), ('DMCEC5050', '855-15-0.95'), ('DMCEC7030LiPF62', '760-4-0.8'), ('DMCEC5050LiPF62', '95-3-0.7')]",RUNfast_derated2,DMC_EC|59_41|LiPF6|0.83,0.83,0.41,1,BO,19,"[('DMC_EC|70_30', '190-5-0.95'), ('DMC_EC|50_50', '855-15-0.95'), ('DMC_EC|70_30|LiPF6|2', '760-4-0.8'), ('DMC_EC|50_50|LiPF6|2', '95-3-0.7')]","{'DMC_EC|70_30|LiPF6|2': 1.31, 'DMC_EC|50_50|LiPF6|2': 1.362, 'DMC_EC|70_30': 1.13, 'DMC_EC|50_50': 1.18}","{'DMC_EC|70_30': 190, 'DMC_EC|50_50': 855, 'DMC_EC|70_30|LiPF6|2': 760, 'DMC_EC|50_50|LiPF6|2': 95}"
16,12.32921434,58AA5BD2EC22138510B9A16AAFB71AC2,2,26.72571429,"[('DMCEC7030', '190-5-0.95'), ('DMCEC5050', '855-15-0.95'), ('DMCEC7030LiPF62', '760-4-0.8'), ('DMCEC5050LiPF62', '95-3-0.7')]",RUNfast_derated2,DMC_EC|59_41|LiPF6|0.83,0.83,0.41,1,BO,19,"[('DMC_EC|70_30', '190-5-0.95'), ('DMC_EC|50_50', '855-15-0.95'), ('DMC_EC|70_30|LiPF6|2', '760-4-0.8'), ('DMC_EC|50_50|LiPF6|2', '95-3-0.7')]","{'DMC_EC|70_30|LiPF6|2': 1.31, 'DMC_EC|50_50|LiPF6|2': 1.362, 'DMC_EC|70_30': 1.13, 'DMC_EC|50_50': 1.18}","{'DMC_EC|70_30': 190, 'DMC_EC|50_50': 855, 'DMC_EC|70_30|LiPF6|2': 760, 'DMC_EC|50_50|LiPF6|2': 95}"
17,13.41605314,55BBAB48BAB2AEBDF29A4986F932DE1C,3,26.68155844,"[('DMCEC7030', '190-5-0.95'), ('DMCEC5050', '855-15-0.95'), ('DMCEC7030LiPF62', '760-4-0.8'), ('DMCEC5050LiPF62', '95-3-0.7')]",RUNfast_derated2,DMC_EC|59_41|LiPF6|0.83,0.83,0.41,1,BO,19,"[('DMC_EC|70_30', '190-5-0.95'), ('DMC_EC|50_50', '855-15-0.95'), ('DMC_EC|70_30|LiPF6|2', '760-4-0.8'), ('DMC_EC|50_50|LiPF6|2', '95-3-0.7')]","{'DMC_EC|70_30|LiPF6|2': 1.31, 'DMC_EC|50_50|LiPF6|2': 1.362, 'DMC_EC|70_30': 1.13, 'DMC_EC|50_50': 1.18}","{'DMC_EC|70_30': 190, 'DMC_EC|50_50': 855, 'DMC_EC|70_30|LiPF6|2': 760, 'DMC_EC|50_50|LiPF6|2': 95}"
18,13.96921908,DA27555F39CD8494E2C27DB3D1572847,1,26.86337662,"[('DMCEC7030', '855-5-0.95'), ('DMCEC5050', '190-15-0.95'), ('DMCEC7030LiPF62', '0-4-0.8'), ('DMCEC5050LiPF62', '855-3-0.7')]",RUNfast_derated2,DMC_EC|59_41|LiPF6|0.86,0.86,0.41,1,BO,16,"[('DMC_EC|70_30', '855-5-0.95'), ('DMC_EC|50_50', '190-15-0.95'), ('DMC_EC|70_30|LiPF6|2', '0-4-0.8'), ('DMC_EC|50_50|LiPF6|2', '855-3-0.7')]","{'DMC_EC|70_30|LiPF6|2': 1.31, 'DMC_EC|50_50|LiPF6|2': 1.362, 'DMC_EC|70_30': 1.13, 'DMC_EC|50_50': 1.18}","{'DMC_EC|70_30': 855, 'DMC_EC|50_50': 190, 'DMC_EC|70_30|LiPF6|2': 0, 'DMC_EC|50_50|LiPF6|2': 855}"
19,13.42593541,3EC22D7CA4365C9C767C1BCDD1B4752A,2,26.82077922,"[('DMCEC7030', '855-5-0.95'), ('DMCEC5050', '190-15-0.95'), ('DMCEC7030LiPF62', '0-4-0.8'), ('DMCEC5050LiPF62', '855-3-0.7')]",RUNfast_derated2,DMC_EC|59_41|LiPF6|0.86,0.86,0.41,1,BO,15,"[('DMC_EC|70_30', '855-5-0.95'), ('DMC_EC|50_50', '190-15-0.95'), ('DMC_EC|70_30|LiPF6|2', '0-4-0.8'), ('DMC_EC|50_50|LiPF6|2', '855-3-0.7')]","{'DMC_EC|70_30|LiPF6|2': 1.31, 'DMC_EC|50_50|LiPF6|2': 1.362, 'DMC_EC|70_30': 1.13, 'DMC_EC|50_50': 1.18}","{'DMC_EC|70_30': 855, 'DMC_EC|50_50': 190, 'DMC_EC|70_30|LiPF6|2': 0, 'DMC_EC|50_50|LiPF6|2': 855}"
20,13.48583639,861392549685E99CF144BA82B61AC857,3,26.76727273,"[('DMCEC7030', '855-5-0.95'), ('DMCEC5050', '190-15-0.95'), ('DMCEC7030LiPF62', '0-4-0.8'), ('DMCEC5050LiPF62', '855-3-0.7')]",RUNfast_derated2,DMC_EC|59_41|LiPF6|0.86,0.86,0.41,1,BO,16,"[('DMC_EC|70_30', '855-5-0.95'), ('DMC_EC|50_50', '190-15-0.95'), ('DMC_EC|70_30|LiPF6|2', '0-4-0.8'), ('DMC_EC|50_50|LiPF6|2', '855-3-0.7')]","{'DMC_EC|70_30|LiPF6|2': 1.31, 'DMC_EC|50_50|LiPF6|2': 1.362, 'DMC_EC|70_30': 1.13, 'DMC_EC|50_50': 1.18}","{'DMC_EC|70_30': 855, 'DMC_EC|50_50': 190, 'DMC_EC|70_30|LiPF6|2': 0, 'DMC_EC|50_50|LiPF6|2': 855}"
21,13.97462379,A49533B2E338B1ABBE56A4A017C62657,1,26.90493506,"[('DMCEC7030', '855-5-0.95'), ('DMCEC5050', '0-15-0.95'), ('DMCEC7030LiPF62', '1045-4-0.8'), ('DMCEC5050LiPF62', '0-3-0.7')]",RUNfast_derated2,DMC_EC|70_30|LiPF6|1.04,1.04,0.3,1,BO,12,"[('DMC_EC|70_30', '855-5-0.95'), ('DMC_EC|50_50', '0-15-0.95'), ('DMC_EC|70_30|LiPF6|2', '1045-4-0.8'), ('DMC_EC|50_50|LiPF6|2', '0-3-0.7')]","{'DMC_EC|70_30|LiPF6|2': 1.31, 'DMC_EC|50_50|LiPF6|2': 1.362, 'DMC_EC|70_30': 1.13, 'DMC_EC|50_50': 1.18}","{'DMC_EC|70_30': 855, 'DMC_EC|50_50': 0, 'DMC_EC|70_30|LiPF6|2': 1045, 'DMC_EC|50_50|LiPF6|2': 0}"
22,13.4826959,A32803141D7158279195D9E138E162D2,2,26.85298701,"[('DMCEC7030', '855-5-0.95'), ('DMCEC5050', '0-15-0.95'), ('DMCEC7030LiPF62', '1045-4-0.8'), ('DMCEC5050LiPF62', '0-3-0.7')]",RUNfast_derated2,DMC_EC|70_30|LiPF6|1.04,1.04,0.3,1,BO,12,"[('DMC_EC|70_30', '855-5-0.95'), ('DMC_EC|50_50', '0-15-0.95'), ('DMC_EC|70_30|LiPF6|2', '1045-4-0.8'), ('DMC_EC|50_50|LiPF6|2', '0-3-0.7')]","{'DMC_EC|70_30|LiPF6|2': 1.31, 'DMC_EC|50_50|LiPF6|2': 1.362, 'DMC_EC|70_30': 1.13, 'DMC_EC|50_50': 1.18}","{'DMC_EC|70_30': 855, 'DMC_EC|50_50': 0, 'DMC_EC|70_30|LiPF6|2': 1045, 'DMC_EC|50_50|LiPF6|2': 0}"
23,13.44797119,D0B6619AADC8460868B3C9D3C894EB06,3,26.79688312,"[('DMCEC7030', '855-5-0.95'), ('DMCEC5050', '0-15-0.95'), ('DMCEC7030LiPF62', '1045-4-0.8'), ('DMCEC5050LiPF62', '0-3-0.7')]",RUNfast_derated2,DMC_EC|70_30|LiPF6|1.04,1.04,0.3,1,BO,12,"[('DMC_EC|70_30', '855-5-0.95'), ('DMC_EC|50_50', '0-15-0.95'), ('DMC_EC|70_30|LiPF6|2', '1045-4-0.8'), ('DMC_EC|50_50|LiPF6|2', '0-3-0.7')]","{'DMC_EC|70_30|LiPF6|2': 1.31, 'DMC_EC|50_50|LiPF6|2': 1.362, 'DMC_EC|70_30': 1.13, 'DMC_EC|50_50': 1.18}","{'DMC_EC|70_30': 855, 'DMC_EC|50_50': 0, 'DMC_EC|70_30|LiPF6|2': 1045, 'DMC_EC|50_50|LiPF6|2': 0}"
24,14.06034068,31F0865BB07E2A892137F03576C0920E,1,26.7412987,"[('DMCEC7030', '475-5-0.95'), ('DMCEC5050', '380-15-0.95'), ('DMCEC7030LiPF62', '665-4-0.8'), ('DMCEC5050LiPF62', '380-3-0.7')]",RUNfast_derated2,DMC_EC|62_38|LiPF6|1.04,1.04,0.38,1,BO,19,"[('DMC_EC|70_30', '475-5-0.95'), ('DMC_EC|50_50', '380-15-0.95'), ('DMC_EC|70_30|LiPF6|2', '665-4-0.8'), ('DMC_EC|50_50|LiPF6|2', '380-3-0.7')]","{'DMC_EC|70_30|LiPF6|2': 1.31, 'DMC_EC|50_50|LiPF6|2': 1.362, 'DMC_EC|70_30': 1.13, 'DMC_EC|50_50': 1.18}","{'DMC_EC|70_30': 475, 'DMC_EC|50_50': 380, 'DMC_EC|70_30|LiPF6|2': 665, 'DMC_EC|50_50|LiPF6|2': 380}"
25,13.49952381,73A9EDC59DBB7C8294980C45BB7499E3,2,26.55792208,"[('DMCEC7030', '475-5-0.95'), ('DMCEC5050', '380-15-0.95'), ('DMCEC7030LiPF62', '665-4-0.8'), ('DMCEC5050LiPF62', '380-3-0.7')]",RUNfast_derated2,DMC_EC|62_38|LiPF6|1.04,1.04,0.38,1,BO,20,"[('DMC_EC|70_30', '475-5-0.95'), ('DMC_EC|50_50', '380-15-0.95'), ('DMC_EC|70_30|LiPF6|2', '665-4-0.8'), ('DMC_EC|50_50|LiPF6|2', '380-3-0.7')]","{'DMC_EC|70_30|LiPF6|2': 1.31, 'DMC_EC|50_50|LiPF6|2': 1.362, 'DMC_EC|70_30': 1.13, 'DMC_EC|50_50': 1.18}","{'DMC_EC|70_30': 475, 'DMC_EC|50_50': 380, 'DMC_EC|70_30|LiPF6|2': 665, 'DMC_EC|50_50|LiPF6|2': 380}"
26,13.45031623,6A2A406536A845B65DD1645CC0B2621D,3,26.43272727,"[('DMCEC7030', '475-5-0.95'), ('DMCEC5050', '380-15-0.95'), ('DMCEC7030LiPF62', '665-4-0.8'), ('DMCEC5050LiPF62', '380-3-0.7')]",RUNfast_derated2,DMC_EC|62_38|LiPF6|1.04,1.04,0.38,1,BO,19,"[('DMC_EC|70_30', '475-5-0.95'), ('DMC_EC|50_50', '380-15-0.95'), ('DMC_EC|70_30|LiPF6|2', '665-4-0.8'), ('DMC_EC|50_50|LiPF6|2', '380-3-0.7')]","{'DMC_EC|70_30|LiPF6|2': 1.31, 'DMC_EC|50_50|LiPF6|2': 1.362, 'DMC_EC|70_30': 1.13, 'DMC_EC|50_50': 1.18}","{'DMC_EC|70_30': 475, 'DMC_EC|50_50': 380, 'DMC_EC|70_30|LiPF6|2': 665, 'DMC_EC|50_50|LiPF6|2': 380}"
27,10.46532421,44456DA3725E673E713B462EE60DAECB,1,26.55532468,"[('DMCEC7030', '0-5-0.95'), ('DMCEC5050', '0-15-0.95'), ('DMCEC7030LiPF62', '1900-4-0.8'), ('DMCEC5050LiPF62', '0-3-0.7')]",RUNfast_derated2,DMC_EC|70_30|LiPF6|2.0,2,0.3,1,BO,9,"[('DMC_EC|70_30', '0-5-0.95'), ('DMC_EC|50_50', '0-15-0.95'), ('DMC_EC|70_30|LiPF6|2', '1900-4-0.8'), ('DMC_EC|50_50|LiPF6|2', '0-3-0.7')]","{'DMC_EC|70_30|LiPF6|2': 1.31, 'DMC_EC|50_50|LiPF6|2': 1.362, 'DMC_EC|70_30': 1.13, 'DMC_EC|50_50': 1.18}","{'DMC_EC|70_30': 0, 'DMC_EC|50_50': 0, 'DMC_EC|70_30|LiPF6|2': 1900, 'DMC_EC|50_50|LiPF6|2': 0}"
28,9.999740607,A64284DE6ACBAD1AFC2B39A9DFDB95BB,2,26.63064935,"[('DMCEC7030', '0-5-0.95'), ('DMCEC5050', '0-15-0.95'), ('DMCEC7030LiPF62', '1900-4-0.8'), ('DMCEC5050LiPF62', '0-3-0.7')]",RUNfast_derated2,DMC_EC|70_30|LiPF6|2.0,2,0.3,1,BO,9,"[('DMC_EC|70_30', '0-5-0.95'), ('DMC_EC|50_50', '0-15-0.95'), ('DMC_EC|70_30|LiPF6|2', '1900-4-0.8'), ('DMC_EC|50_50|LiPF6|2', '0-3-0.7')]","{'DMC_EC|70_30|LiPF6|2': 1.31, 'DMC_EC|50_50|LiPF6|2': 1.362, 'DMC_EC|70_30': 1.13, 'DMC_EC|50_50': 1.18}","{'DMC_EC|70_30': 0, 'DMC_EC|50_50': 0, 'DMC_EC|70_30|LiPF6|2': 1900, 'DMC_EC|50_50|LiPF6|2': 0}"
29,9.967928688,8162ADB91501C8C451B55953B7F98738,3,26.62285714,"[('DMCEC7030', '0-5-0.95'), ('DMCEC5050', '0-15-0.95'), ('DMCEC7030LiPF62', '1900-4-0.8'), ('DMCEC5050LiPF62', '0-3-0.7')]",RUNfast_derated2,DMC_EC|70_30|LiPF6|2.0,2,0.3,1,BO,9,"[('DMC_EC|70_30', '0-5-0.95'), ('DMC_EC|50_50', '0-15-0.95'), ('DMC_EC|70_30|LiPF6|2', '1900-4-0.8'), ('DMC_EC|50_50|LiPF6|2', '0-3-0.7')]","{'DMC_EC|70_30|LiPF6|2': 1.31, 'DMC_EC|50_50|LiPF6|2': 1.362, 'DMC_EC|70_30': 1.13, 'DMC_EC|50_50': 1.18}","{'DMC_EC|70_30': 0, 'DMC_EC|50_50': 0, 'DMC_EC|70_30|LiPF6|2': 1900, 'DMC_EC|50_50|LiPF6|2': 0}"
30,10.25679149,14B818493E7C66B4D6A561172DA2E675,1,26.61974026,"[('DMCEC7030', '95-5-0.95'), ('DMCEC5050', '0-15-0.95'), ('DMCEC7030LiPF62', '1045-4-0.8'), ('DMCEC5050LiPF62', '760-3-0.7')]",RUNfast_derated2,DMC_EC|62_38|LiPF6|1.89,1.89,0.38,1,BO,16,"[('DMC_EC|70_30', '95-5-0.95'), ('DMC_EC|50_50', '0-15-0.95'), ('DMC_EC|70_30|LiPF6|2', '1045-4-0.8'), ('DMC_EC|50_50|LiPF6|2', '760-3-0.7')]","{'DMC_EC|70_30|LiPF6|2': 1.31, 'DMC_EC|50_50|LiPF6|2': 1.362, 'DMC_EC|70_30': 1.13, 'DMC_EC|50_50': 1.18}","{'DMC_EC|70_30': 95, 'DMC_EC|50_50': 0, 'DMC_EC|70_30|LiPF6|2': 1045, 'DMC_EC|50_50|LiPF6|2': 760}"
31,9.621783934,4E3C41DE21B05ACA70DD75411C7BE99C,2,26.4587013,"[('DMCEC7030', '95-5-0.95'), ('DMCEC5050', '0-15-0.95'), ('DMCEC7030LiPF62', '1045-4-0.8'), ('DMCEC5050LiPF62', '760-3-0.7')]",RUNfast_derated2,DMC_EC|62_38|LiPF6|1.89,1.89,0.38,1,BO,16,"[('DMC_EC|70_30', '95-5-0.95'), ('DMC_EC|50_50', '0-15-0.95'), ('DMC_EC|70_30|LiPF6|2', '1045-4-0.8'), ('DMC_EC|50_50|LiPF6|2', '760-3-0.7')]","{'DMC_EC|70_30|LiPF6|2': 1.31, 'DMC_EC|50_50|LiPF6|2': 1.362, 'DMC_EC|70_30': 1.13, 'DMC_EC|50_50': 1.18}","{'DMC_EC|70_30': 95, 'DMC_EC|50_50': 0, 'DMC_EC|70_30|LiPF6|2': 1045, 'DMC_EC|50_50|LiPF6|2': 760}"
32,9.511806077,759CDAF31E94686BC283AE9FDF2424AE,3,26.34961039,"[('DMCEC7030', '95-5-0.95'), ('DMCEC5050', '0-15-0.95'), ('DMCEC7030LiPF62', '1045-4-0.8'), ('DMCEC5050LiPF62', '760-3-0.7')]",RUNfast_derated2,DMC_EC|62_38|LiPF6|1.89,1.89,0.38,1,BO,17,"[('DMC_EC|70_30', '95-5-0.95'), ('DMC_EC|50_50', '0-15-0.95'), ('DMC_EC|70_30|LiPF6|2', '1045-4-0.8'), ('DMC_EC|50_50|LiPF6|2', '760-3-0.7')]","{'DMC_EC|70_30|LiPF6|2': 1.31, 'DMC_EC|50_50|LiPF6|2': 1.362, 'DMC_EC|70_30': 1.13, 'DMC_EC|50_50': 1.18}","{'DMC_EC|70_30': 95, 'DMC_EC|50_50': 0, 'DMC_EC|70_30|LiPF6|2': 1045, 'DMC_EC|50_50|LiPF6|2': 760}"
33,12.65123652,B2855E167E14F7BF8B6EBD5DC9C4F418,1,25.90545455,"[('DMCEC7030', '1045-5-0.95'), ('DMCEC7030LiPF62', '855-4-0.8')]",RUNfast_derated2,DMC_EC|70_30|LiPF6|0.84,0.84,0.3,1,BO,12,"[('DMC_EC|70_30', '1045-5-0.95'), ('DMC_EC|70_30|LiPF6|2', '855-4-0.8')]","{'DMC_EC|70_30|LiPF6|2': 1.31, 'DMC_EC|70_30': 1.13}","{'DMC_EC|70_30': 1045, 'DMC_EC|70_30|LiPF6|2': 855}"
34,13.01485904,1653CEB58A5F2E44297C78DA94A2768B,2,26.12935065,"[('DMCEC7030', '1045-5-0.95'), ('DMCEC7030LiPF62', '855-4-0.8')]",RUNfast_derated2,DMC_EC|70_30|LiPF6|0.84,0.84,0.3,1,BO,13,"[('DMC_EC|70_30', '1045-5-0.95'), ('DMC_EC|70_30|LiPF6|2', '855-4-0.8')]","{'DMC_EC|70_30|LiPF6|2': 1.31, 'DMC_EC|70_30': 1.13}","{'DMC_EC|70_30': 1045, 'DMC_EC|70_30|LiPF6|2': 855}"
35,13.04846141,4BD3C51886324C676B46D2A96FC6ADB9,3,26.35116883,"[('DMCEC7030', '1045-5-0.95'), ('DMCEC7030LiPF62', '855-4-0.8')]",RUNfast_derated2,DMC_EC|70_30|LiPF6|0.84,0.84,0.3,1,BO,12,"[('DMC_EC|70_30', '1045-5-0.95'), ('DMC_EC|70_30|LiPF6|2', '855-4-0.8')]","{'DMC_EC|70_30|LiPF6|2': 1.31, 'DMC_EC|70_30': 1.13}","{'DMC_EC|70_30': 1045, 'DMC_EC|70_30|LiPF6|2': 855}"
36,14.14233865,8D04B84AEDE149E1B7BD4A3AA5FAC048,1,26.88311688,"[('DMCEC7030', '285-5-0.95'), ('DMCEC5050', '665-15-0.95'), ('DMCEC7030LiPF62', '855-4-0.8'), ('DMCEC5050LiPF62', '95-3-0.7')]",RUNfast_derated2,DMC_EC|61_39|LiPF6|0.93,0.93,0.39,1,BO,20,"[('DMC_EC|70_30', '285-5-0.95'), ('DMC_EC|50_50', '665-15-0.95'), ('DMC_EC|70_30|LiPF6|2', '855-4-0.8'), ('DMC_EC|50_50|LiPF6|2', '95-3-0.7')]","{'DMC_EC|70_30|LiPF6|2': 1.31, 'DMC_EC|50_50|LiPF6|2': 1.362, 'DMC_EC|70_30': 1.13, 'DMC_EC|50_50': 1.18}","{'DMC_EC|70_30': 285, 'DMC_EC|50_50': 665, 'DMC_EC|70_30|LiPF6|2': 855, 'DMC_EC|50_50|LiPF6|2': 95}"
37,13.69613181,41164C7D30EC78D75D76BD52CD9A6249,2,26.95168831,"[('DMCEC7030', '285-5-0.95'), ('DMCEC5050', '665-15-0.95'), ('DMCEC7030LiPF62', '855-4-0.8'), ('DMCEC5050LiPF62', '95-3-0.7')]",RUNfast_derated2,DMC_EC|61_39|LiPF6|0.93,0.93,0.39,1,BO,18,"[('DMC_EC|70_30', '285-5-0.95'), ('DMC_EC|50_50', '665-15-0.95'), ('DMC_EC|70_30|LiPF6|2', '855-4-0.8'), ('DMC_EC|50_50|LiPF6|2', '95-3-0.7')]","{'DMC_EC|70_30|LiPF6|2': 1.31, 'DMC_EC|50_50|LiPF6|2': 1.362, 'DMC_EC|70_30': 1.13, 'DMC_EC|50_50': 1.18}","{'DMC_EC|70_30': 285, 'DMC_EC|50_50': 665, 'DMC_EC|70_30|LiPF6|2': 855, 'DMC_EC|50_50|LiPF6|2': 95}"
38,13.68965497,88818B5B642B997A11CE71CED22D98C3,3,27.02337662,"[('DMCEC7030', '285-5-0.95'), ('DMCEC5050', '665-15-0.95'), ('DMCEC7030LiPF62', '855-4-0.8'), ('DMCEC5050LiPF62', '95-3-0.7')]",RUNfast_derated2,DMC_EC|61_39|LiPF6|0.93,0.93,0.39,1,BO,19,"[('DMC_EC|70_30', '285-5-0.95'), ('DMC_EC|50_50', '665-15-0.95'), ('DMC_EC|70_30|LiPF6|2', '855-4-0.8'), ('DMC_EC|50_50|LiPF6|2', '95-3-0.7')]","{'DMC_EC|70_30|LiPF6|2': 1.31, 'DMC_EC|50_50|LiPF6|2': 1.362, 'DMC_EC|70_30': 1.13, 'DMC_EC|50_50': 1.18}","{'DMC_EC|70_30': 285, 'DMC_EC|50_50': 665, 'DMC_EC|70_30|LiPF6|2': 855, 'DMC_EC|50_50|LiPF6|2': 95}"
39,13.70342559,96418BE9B7420022CCBD8FCD14545CE8,1,27.35480519,"[('DMCEC7030', '570-5-0.95'), ('DMCEC7030LiPF62', '1330-4-0.8')]",RUNfast_derated2,DMC_EC|70_30|LiPF6|1.35,1.35,0.3,1,BO,12,"[('DMC_EC|70_30', '570-5-0.95'), ('DMC_EC|70_30|LiPF6|2', '1330-4-0.8')]","{'DMC_EC|70_30|LiPF6|2': 1.31, 'DMC_EC|70_30': 1.13}","{'DMC_EC|70_30': 570, 'DMC_EC|70_30|LiPF6|2': 1330}"
40,13.11771896,8D27D9138ED27E1DBCA55C8848D0B97B,2,27.4,"[('DMCEC7030', '570-5-0.95'), ('DMCEC7030LiPF62', '1330-4-0.8')]",RUNfast_derated2,DMC_EC|70_30|LiPF6|1.35,1.35,0.3,1,BO,12,"[('DMC_EC|70_30', '570-5-0.95'), ('DMC_EC|70_30|LiPF6|2', '1330-4-0.8')]","{'DMC_EC|70_30|LiPF6|2': 1.31, 'DMC_EC|70_30': 1.13}","{'DMC_EC|70_30': 570, 'DMC_EC|70_30|LiPF6|2': 1330}"
41,11.34741369,A52B6BDC51DB916DCED9BB9A92195D7C,1,27.56675325,"[('DMCEC7030LiPF61.5', '1900-1-0.7')]",RUNfast_derated2,DMC_EC|70_30|LiPF6|1.5,1.5,0.3,1,RAND,9,"[('DMC_EC|70_30|LiPF6|1.5', '1900-1-0.7')]",{'DMC_EC|70_30|LiPF6|1.5': 1.27},{'DMC_EC|70_30|LiPF6|1.5': 1900}
42,11.93929946,FEFC8A4B9267811D3401A8C62BB89A7C,2,27.59064935,"[('DMCEC7030LiPF61.5', '1900-1-0.7')]",RUNfast_derated2,DMC_EC|70_30|LiPF6|1.5,1.5,0.3,1,RAND,6,"[('DMC_EC|70_30|LiPF6|1.5', '1900-1-0.7')]",{'DMC_EC|70_30|LiPF6|1.5': 1.27},{'DMC_EC|70_30|LiPF6|1.5': 1900}
43,12.55081243,C67E3D1447C3AF244D2771E776CC2C75,3,27.68571429,"[('DMCEC7030LiPF61.5', '1900-1-0.7')]",RUNfast_derated2,DMC_EC|70_30|LiPF6|1.5,1.5,0.3,1,RAND,6,"[('DMC_EC|70_30|LiPF6|1.5', '1900-1-0.7')]",{'DMC_EC|70_30|LiPF6|1.5': 1.27},{'DMC_EC|70_30|LiPF6|1.5': 1900}
44,10.10150977,72B8816CDFBA71B085D1FAB8FF3EB622,1,27.96883117,"[('ECEMC5050', '190-16-0.9'), ('ECEMC3070LiPF61.5', '1330-2-0.7'), ('ECEMC5050LiPF61.5', '380-5-0.7')]",RUNfast_derated2,EC_EMC|36_64|LiPF6|1.33,1.33,0.36,0,RAND,17,"[('EC_EMC|50_50', '190-16-0.9'), ('EC_EMC|30_70|LiPF6|1.5', '1330-2-0.7'), ('EC_EMC|50_50|LiPF6|1.5', '380-5-0.7')]","{'EC_EMC|30_70|LiPF6|1.5': 1.225, 'EC_EMC|50_50|LiPF6|1.5': 1.287, 'EC_EMC|50_50': 1.156}","{'EC_EMC|50_50': 190, 'EC_EMC|30_70|LiPF6|1.5': 1330, 'EC_EMC|50_50|LiPF6|1.5': 380}"
45,9.788706272,3A24D56E6A16A44D5052E8892E2954B2,2,27.88519481,"[('ECEMC5050', '190-16-0.9'), ('ECEMC3070LiPF61.5', '1330-2-0.7'), ('ECEMC5050LiPF61.5', '380-5-0.7')]",RUNfast_derated2,EC_EMC|36_64|LiPF6|1.33,1.33,0.36,0,RAND,16,"[('EC_EMC|50_50', '190-16-0.9'), ('EC_EMC|30_70|LiPF6|1.5', '1330-2-0.7'), ('EC_EMC|50_50|LiPF6|1.5', '380-5-0.7')]","{'EC_EMC|30_70|LiPF6|1.5': 1.225, 'EC_EMC|50_50|LiPF6|1.5': 1.287, 'EC_EMC|50_50': 1.156}","{'EC_EMC|50_50': 190, 'EC_EMC|30_70|LiPF6|1.5': 1330, 'EC_EMC|50_50|LiPF6|1.5': 380}"
46,9.755222636,87EEE3DA068EB621941E1FEDB53054B9,3,27.8187013,"[('ECEMC5050', '190-16-0.9'), ('ECEMC3070LiPF61.5', '1330-2-0.7'), ('ECEMC5050LiPF61.5', '380-5-0.7')]",RUNfast_derated2,EC_EMC|36_64|LiPF6|1.33,1.33,0.36,0,RAND,16,"[('EC_EMC|50_50', '190-16-0.9'), ('EC_EMC|30_70|LiPF6|1.5', '1330-2-0.7'), ('EC_EMC|50_50|LiPF6|1.5', '380-5-0.7')]","{'EC_EMC|30_70|LiPF6|1.5': 1.225, 'EC_EMC|50_50|LiPF6|1.5': 1.287, 'EC_EMC|50_50': 1.156}","{'EC_EMC|50_50': 190, 'EC_EMC|30_70|LiPF6|1.5': 1330, 'EC_EMC|50_50|LiPF6|1.5': 380}"
47,12.21698171,A72754B2CE2E0013633B872B3460A126,1,27.91636364,"[('DMCEC5050', '1140-19-0.9'), ('DMCEC5050LiPF61.5', '760-7-0.7')]",RUNfast_derated2,DMC_EC|50_50|LiPF6|0.56,0.56,0.5,1,RAND,12,"[('DMC_EC|50_50', '1140-19-0.9'), ('DMC_EC|50_50|LiPF6|1.5', '760-7-0.7')]","{'DMC_EC|50_50|LiPF6|1.5': 1.323, 'DMC_EC|50_50': 1.192}","{'DMC_EC|50_50': 1140, 'DMC_EC|50_50|LiPF6|1.5': 760}"
48,12.17109324,567A3AB8E9927A9E716D3AC647CF7D7C,2,27.85506494,"[('DMCEC5050', '1140-19-0.9'), ('DMCEC5050LiPF61.5', '760-7-0.7')]",RUNfast_derated2,DMC_EC|50_50|LiPF6|0.56,0.56,0.5,1,RAND,13,"[('DMC_EC|50_50', '1140-19-0.9'), ('DMC_EC|50_50|LiPF6|1.5', '760-7-0.7')]","{'DMC_EC|50_50|LiPF6|1.5': 1.323, 'DMC_EC|50_50': 1.192}","{'DMC_EC|50_50': 1140, 'DMC_EC|50_50|LiPF6|1.5': 760}"
49,12.20809812,B5B5771145023DCC2DEB63353662A466,3,27.77506494,"[('DMCEC5050', '1140-19-0.9'), ('DMCEC5050LiPF61.5', '760-7-0.7')]",RUNfast_derated2,DMC_EC|50_50|LiPF6|0.56,0.56,0.5,1,RAND,13,"[('DMC_EC|50_50', '1140-19-0.9'), ('DMC_EC|50_50|LiPF6|1.5', '760-7-0.7')]","{'DMC_EC|50_50|LiPF6|1.5': 1.323, 'DMC_EC|50_50': 1.192}","{'DMC_EC|50_50': 1140, 'DMC_EC|50_50|LiPF6|1.5': 760}"
50,11.44933345,B23C54A5E2E1B35259DD86EF25BD3911,1,27.80467532,"[('ECEMC3070', '190-15-0.9'), ('DMCEC5050', '380-19-0.9'), ('ECEMC5050LiPF61.5', '1330-5-0.7')]",RUNfast_derated2,DMC_EC_EMC|11_48_41|LiPF6|1.02,1.02,0.48,0.211538462,RAND,16,"[('EC_EMC|30_70', '190-15-0.9'), ('DMC_EC|50_50', '380-19-0.9'), ('EC_EMC|50_50|LiPF6|1.5', '1330-5-0.7')]","{'EC_EMC|50_50|LiPF6|1.5': 1.287, 'DMC_EC|50_50': 1.192, 'EC_EMC|30_70': 1.095}","{'EC_EMC|30_70': 190, 'DMC_EC|50_50': 380, 'EC_EMC|50_50|LiPF6|1.5': 1330}"
51,11.16490499,66DADB37198F94B0C889C9673A517323,2,27.68519481,"[('ECEMC3070', '190-15-0.9'), ('DMCEC5050', '380-19-0.9'), ('ECEMC5050LiPF61.5', '1330-5-0.7')]",RUNfast_derated2,DMC_EC_EMC|11_48_41|LiPF6|1.02,1.02,0.48,0.211538462,RAND,16,"[('EC_EMC|30_70', '190-15-0.9'), ('DMC_EC|50_50', '380-19-0.9'), ('EC_EMC|50_50|LiPF6|1.5', '1330-5-0.7')]","{'EC_EMC|50_50|LiPF6|1.5': 1.287, 'DMC_EC|50_50': 1.192, 'EC_EMC|30_70': 1.095}","{'EC_EMC|30_70': 190, 'DMC_EC|50_50': 380, 'EC_EMC|50_50|LiPF6|1.5': 1330}"
52,11.13234048,57F8098835BDED826C1B4C4B15A866B9,3,27.62493506,"[('ECEMC3070', '190-15-0.9'), ('DMCEC5050', '380-19-0.9'), ('ECEMC5050LiPF61.5', '1330-5-0.7')]",RUNfast_derated2,DMC_EC_EMC|11_48_41|LiPF6|1.02,1.02,0.48,0.211538462,RAND,16,"[('EC_EMC|30_70', '190-15-0.9'), ('DMC_EC|50_50', '380-19-0.9'), ('EC_EMC|50_50|LiPF6|1.5', '1330-5-0.7')]","{'EC_EMC|50_50|LiPF6|1.5': 1.287, 'DMC_EC|50_50': 1.192, 'EC_EMC|30_70': 1.095}","{'EC_EMC|30_70': 190, 'DMC_EC|50_50': 380, 'EC_EMC|50_50|LiPF6|1.5': 1330}"
53,9.934049534,BE60768ADEA97CB2EACC1AC92B6C7F5B,1,27.71948052,"[('ECEMC5050', '190-16-0.9'), ('ECEMC3070LiPF61.5', '1710-2-0.7')]",RUNfast_derated2,EC_EMC|32_68|LiPF6|1.33,1.33,0.32,0,RAND,13,"[('EC_EMC|50_50', '190-16-0.9'), ('EC_EMC|30_70|LiPF6|1.5', '1710-2-0.7')]","{'EC_EMC|30_70|LiPF6|1.5': 1.225, 'EC_EMC|50_50': 1.156}","{'EC_EMC|50_50': 190, 'EC_EMC|30_70|LiPF6|1.5': 1710}"
54,9.659354181,B3747E67F14A85C7487CE245147D8EEB,2,27.64155844,"[('ECEMC5050', '190-16-0.9'), ('ECEMC3070LiPF61.5', '1710-2-0.7')]",RUNfast_derated2,EC_EMC|32_68|LiPF6|1.33,1.33,0.32,0,RAND,13,"[('EC_EMC|50_50', '190-16-0.9'), ('EC_EMC|30_70|LiPF6|1.5', '1710-2-0.7')]","{'EC_EMC|30_70|LiPF6|1.5': 1.225, 'EC_EMC|50_50': 1.156}","{'EC_EMC|50_50': 190, 'EC_EMC|30_70|LiPF6|1.5': 1710}"
55,9.622818705,3CC22B69BF21D13CD930D17C71D5B937,3,27.5974026,"[('ECEMC5050', '190-16-0.9'), ('ECEMC3070LiPF61.5', '1710-2-0.7')]",RUNfast_derated2,EC_EMC|32_68|LiPF6|1.33,1.33,0.32,0,RAND,13,"[('EC_EMC|50_50', '190-16-0.9'), ('EC_EMC|30_70|LiPF6|1.5', '1710-2-0.7')]","{'EC_EMC|30_70|LiPF6|1.5': 1.225, 'EC_EMC|50_50': 1.156}","{'EC_EMC|50_50': 190, 'EC_EMC|30_70|LiPF6|1.5': 1710}"
56,2.379575626,DAF7CCBC3F26743107A7D1D7EB520339,1,27.07636364,"[('DMCEC7030', '1710-18-0.9'), ('DMCEC7030LiPF61.5', '190-1-0.7')]",RUNfast_derated2,DMC_EC|70_30|LiPF6|0.14,0.14,0.3,1,BO,13,"[('DMC_EC|70_30', '1710-18-0.9'), ('DMC_EC|70_30|LiPF6|1.5', '190-1-0.7')]","{'DMC_EC|70_30|LiPF6|1.5': 1.27, 'DMC_EC|70_30': 1.14}","{'DMC_EC|70_30': 1710, 'DMC_EC|70_30|LiPF6|1.5': 190}"
57,4.601996346,144FB60C22B274DB73955196917D0749,2,27.13558442,"[('DMCEC7030', '1710-18-0.9'), ('DMCEC7030LiPF61.5', '190-1-0.7')]",RUNfast_derated2,DMC_EC|70_30|LiPF6|0.14,0.14,0.3,1,BO,12,"[('DMC_EC|70_30', '1710-18-0.9'), ('DMC_EC|70_30|LiPF6|1.5', '190-1-0.7')]","{'DMC_EC|70_30|LiPF6|1.5': 1.27, 'DMC_EC|70_30': 1.14}","{'DMC_EC|70_30': 1710, 'DMC_EC|70_30|LiPF6|1.5': 190}"
58,4.821810011,4224546CB9A75F287485834415D55EAC,3,27.20727273,"[('DMCEC7030', '1710-18-0.9'), ('DMCEC7030LiPF61.5', '190-1-0.7')]",RUNfast_derated2,DMC_EC|70_30|LiPF6|0.14,0.14,0.3,1,BO,13,"[('DMC_EC|70_30', '1710-18-0.9'), ('DMC_EC|70_30|LiPF6|1.5', '190-1-0.7')]","{'DMC_EC|70_30|LiPF6|1.5': 1.27, 'DMC_EC|70_30': 1.14}","{'DMC_EC|70_30': 1710, 'DMC_EC|70_30|LiPF6|1.5': 190}"
59,11.59592501,D4B615990FC1AE1B55479DE8852687B1,1,27.44311688,"[('DMCEC7030LiPF61.5', '190-1-0.7'), ('DMCEC5050LiPF61.5', '1710-7-0.7')]",RUNfast_derated2,DMC_EC|52_48|LiPF6|1.5,1.5,0.48,1,BO,13,"[('DMC_EC|70_30|LiPF6|1.5', '190-1-0.7'), ('DMC_EC|50_50|LiPF6|1.5', '1710-7-0.7')]","{'DMC_EC|70_30|LiPF6|1.5': 1.27, 'DMC_EC|50_50|LiPF6|1.5': 1.323}","{'DMC_EC|70_30|LiPF6|1.5': 190, 'DMC_EC|50_50|LiPF6|1.5': 1710}"
60,11.25508972,EDE47DB324D453E7AFED7281BA2B8E3A,2,27.39948052,"[('DMCEC7030LiPF61.5', '190-1-0.7'), ('DMCEC5050LiPF61.5', '1710-7-0.7')]",RUNfast_derated2,DMC_EC|52_48|LiPF6|1.5,1.5,0.48,1,BO,13,"[('DMC_EC|70_30|LiPF6|1.5', '190-1-0.7'), ('DMC_EC|50_50|LiPF6|1.5', '1710-7-0.7')]","{'DMC_EC|70_30|LiPF6|1.5': 1.27, 'DMC_EC|50_50|LiPF6|1.5': 1.323}","{'DMC_EC|70_30|LiPF6|1.5': 190, 'DMC_EC|50_50|LiPF6|1.5': 1710}"
61,11.22650978,D665657A77CDCCB379223781BBEE42D4,3,27.37350649,"[('DMCEC7030LiPF61.5', '190-1-0.7'), ('DMCEC5050LiPF61.5', '1710-7-0.7')]",RUNfast_derated2,DMC_EC|52_48|LiPF6|1.5,1.5,0.48,1,BO,13,"[('DMC_EC|70_30|LiPF6|1.5', '190-1-0.7'), ('DMC_EC|50_50|LiPF6|1.5', '1710-7-0.7')]","{'DMC_EC|70_30|LiPF6|1.5': 1.27, 'DMC_EC|50_50|LiPF6|1.5': 1.323}","{'DMC_EC|70_30|LiPF6|1.5': 190, 'DMC_EC|50_50|LiPF6|1.5': 1710}"
62,12.19144549,224C148BB8FD940C1D60DB661DD731F6,1,27.45922078,"[('DMCEC5050', '1140-19-0.9'), ('DMCEC5050LiPF61.5', '760-7-0.7')]",RUNfast_derated2,DMC_EC|50_50|LiPF6|0.56,0.56,0.5,1,BO,13,"[('DMC_EC|50_50', '1140-19-0.9'), ('DMC_EC|50_50|LiPF6|1.5', '760-7-0.7')]","{'DMC_EC|50_50|LiPF6|1.5': 1.323, 'DMC_EC|50_50': 1.192}","{'DMC_EC|50_50': 1140, 'DMC_EC|50_50|LiPF6|1.5': 760}"
63,12.08907847,5D617796F1DD7E1B588502B4BC49044D,2,27.37766234,"[('DMCEC5050', '1140-19-0.9'), ('DMCEC5050LiPF61.5', '760-7-0.7')]",RUNfast_derated2,DMC_EC|50_50|LiPF6|0.56,0.56,0.5,1,BO,13,"[('DMC_EC|50_50', '1140-19-0.9'), ('DMC_EC|50_50|LiPF6|1.5', '760-7-0.7')]","{'DMC_EC|50_50|LiPF6|1.5': 1.323, 'DMC_EC|50_50': 1.192}","{'DMC_EC|50_50': 1140, 'DMC_EC|50_50|LiPF6|1.5': 760}"
64,12.13994324,ACBAB24970EE69DD33D0D8FD98DF49A2,3,27.32571429,"[('DMCEC5050', '1140-19-0.9'), ('DMCEC5050LiPF61.5', '760-7-0.7')]",RUNfast_derated2,DMC_EC|50_50|LiPF6|0.56,0.56,0.5,1,BO,13,"[('DMC_EC|50_50', '1140-19-0.9'), ('DMC_EC|50_50|LiPF6|1.5', '760-7-0.7')]","{'DMC_EC|50_50|LiPF6|1.5': 1.323, 'DMC_EC|50_50': 1.192}","{'DMC_EC|50_50': 1140, 'DMC_EC|50_50|LiPF6|1.5': 760}"
65,4.999375078,309D08DFC3D9E42E2545A9C2B5EF1BA4,1,27.39220779,"[('DMCEC5050', '1710-19-0.9'), ('DMCEC5050LiPF61.5', '190-7-0.7')]",RUNfast_derated2,DMC_EC|50_50|LiPF6|0.14,0.14,0.5,1,BO,12,"[('DMC_EC|50_50', '1710-19-0.9'), ('DMC_EC|50_50|LiPF6|1.5', '190-7-0.7')]","{'DMC_EC|50_50|LiPF6|1.5': 1.323, 'DMC_EC|50_50': 1.192}","{'DMC_EC|50_50': 1710, 'DMC_EC|50_50|LiPF6|1.5': 190}"
66,5.159905471,4DBF92E3ED56971B990435557EE85DC1,2,27.33454545,"[('DMCEC5050', '1710-19-0.9'), ('DMCEC5050LiPF61.5', '190-7-0.7')]",RUNfast_derated2,DMC_EC|50_50|LiPF6|0.14,0.14,0.5,1,BO,13,"[('DMC_EC|50_50', '1710-19-0.9'), ('DMC_EC|50_50|LiPF6|1.5', '190-7-0.7')]","{'DMC_EC|50_50|LiPF6|1.5': 1.323, 'DMC_EC|50_50': 1.192}","{'DMC_EC|50_50': 1710, 'DMC_EC|50_50|LiPF6|1.5': 190}"
67,5.345563984,DBD3546D6D3925C7438CB957D0FE97CF,3,27.28519481,"[('DMCEC5050', '1710-19-0.9'), ('DMCEC5050LiPF61.5', '190-7-0.7')]",RUNfast_derated2,DMC_EC|50_50|LiPF6|0.14,0.14,0.5,1,BO,13,"[('DMC_EC|50_50', '1710-19-0.9'), ('DMC_EC|50_50|LiPF6|1.5', '190-7-0.7')]","{'DMC_EC|50_50|LiPF6|1.5': 1.323, 'DMC_EC|50_50': 1.192}","{'DMC_EC|50_50': 1710, 'DMC_EC|50_50|LiPF6|1.5': 190}"
68,13.01752708,982658D1B3FAB568BE072A8A92768B17,1,27.37298701,"[('DMCEC5050', '950-19-0.9'), ('DMCEC5050LiPF61.5', '950-7-0.7')]",RUNfast_derated2,DMC_EC|50_50|LiPF6|0.71,0.71,0.5,1,BO,13,"[('DMC_EC|50_50', '950-19-0.9'), ('DMC_EC|50_50|LiPF6|1.5', '950-7-0.7')]","{'DMC_EC|50_50|LiPF6|1.5': 1.323, 'DMC_EC|50_50': 1.192}","{'DMC_EC|50_50': 950, 'DMC_EC|50_50|LiPF6|1.5': 950}"
69,12.59,80B7723D216814,1,27.37298701,"[('DMCEC5050', '950-19-0.9'), ('DMCEC5050LiPF61.5', '950-7-0.7')]",RUNfast_derated2,DMC_EC|50_50|LiPF6|0.71,0.71,0.5,1,BO,13,"[('DMC_EC|50_50', '950-19-0.9'), ('DMC_EC|50_50|LiPF6|1.5', '950-7-0.7')]","{'DMC_EC|50_50|LiPF6|1.5': 1.323, 'DMC_EC|50_50': 1.192}","{'DMC_EC|50_50': 950, 'DMC_EC|50_50|LiPF6|1.5': 950}"
70,12.83870411,F7AC154C4183595CFDB4215AEF21AD14,2,27.32103896,"[('DMCEC5050', '950-19-0.9'), ('DMCEC5050LiPF61.5', '950-7-0.7')]",RUNfast_derated2,DMC_EC|50_50|LiPF6|0.71,0.71,0.5,1,BO,13,"[('DMC_EC|50_50', '950-19-0.9'), ('DMC_EC|50_50|LiPF6|1.5', '950-7-0.7')]","{'DMC_EC|50_50|LiPF6|1.5': 1.323, 'DMC_EC|50_50': 1.192}","{'DMC_EC|50_50': 950, 'DMC_EC|50_50|LiPF6|1.5': 950}"
71,12.73870411,F7AC154C4183595CFDB4215AEF21AD14,2,27.32103896,"[('DMCEC5050', '950-19-0.9'), ('DMCEC5050LiPF61.5', '950-7-0.7')]",RUNfast_derated2,DMC_EC|50_50|LiPF6|0.71,0.71,0.5,1,BO,13,"[('DMC_EC|50_50', '950-19-0.9'), ('DMC_EC|50_50|LiPF6|1.5', '950-7-0.7')]","{'DMC_EC|50_50|LiPF6|1.5': 1.323, 'DMC_EC|50_50': 1.192}","{'DMC_EC|50_50': 950, 'DMC_EC|50_50|LiPF6|1.5': 950}"
72,12.82851749,3E2A6CEBA9620343F0763ACCD49D15BE,3,27.25974026,"[('DMCEC5050', '950-19-0.9'), ('DMCEC5050LiPF61.5', '950-7-0.7')]",RUNfast_derated2,DMC_EC|50_50|LiPF6|0.71,0.71,0.5,1,BO,13,"[('DMC_EC|50_50', '950-19-0.9'), ('DMC_EC|50_50|LiPF6|1.5', '950-7-0.7')]","{'DMC_EC|50_50|LiPF6|1.5': 1.323, 'DMC_EC|50_50': 1.192}","{'DMC_EC|50_50': 950, 'DMC_EC|50_50|LiPF6|1.5': 950}"
73,12.72851749,3E2A6CEBA9620343F0763ACCD49D15BE,3,27.25974026,"[('DMCEC5050', '950-19-0.9'), ('DMCEC5050LiPF61.5', '950-7-0.7')]",RUNfast_derated2,DMC_EC|50_50|LiPF6|0.71,0.71,0.5,1,BO,13,"[('DMC_EC|50_50', '950-19-0.9'), ('DMC_EC|50_50|LiPF6|1.5', '950-7-0.7')]","{'DMC_EC|50_50|LiPF6|1.5': 1.323, 'DMC_EC|50_50': 1.192}","{'DMC_EC|50_50': 950, 'DMC_EC|50_50|LiPF6|1.5': 950}"
74,9.56631622,538B3D24A07ED42535DCDABA64596A90,1,27.36415584,"[('DMCEC7030LiPF61.5', '190-1-0.7'), ('DMCEC5050LiPF61.5', '1710-7-0.7')]",RUNfast_derated2,DMC_EC|52_48|LiPF6|1.5,1.5,0.48,1,BO,13,"[('DMC_EC|70_30|LiPF6|1.5', '190-1-0.7'), ('DMC_EC|50_50|LiPF6|1.5', '1710-7-0.7')]","{'DMC_EC|70_30|LiPF6|1.5': 1.27, 'DMC_EC|50_50|LiPF6|1.5': 1.323}","{'DMC_EC|70_30|LiPF6|1.5': 190, 'DMC_EC|50_50|LiPF6|1.5': 1710}"
75,11.07758762,8BBCA1221E81786888C04D3B167184C9,2,27.30181818,"[('DMCEC7030LiPF61.5', '190-1-0.7'), ('DMCEC5050LiPF61.5', '1710-7-0.7')]",RUNfast_derated2,DMC_EC|52_48|LiPF6|1.5,1.5,0.48,1,BO,13,"[('DMC_EC|70_30|LiPF6|1.5', '190-1-0.7'), ('DMC_EC|50_50|LiPF6|1.5', '1710-7-0.7')]","{'DMC_EC|70_30|LiPF6|1.5': 1.27, 'DMC_EC|50_50|LiPF6|1.5': 1.323}","{'DMC_EC|70_30|LiPF6|1.5': 190, 'DMC_EC|50_50|LiPF6|1.5': 1710}"
76,11.18506277,A9E1C971A7196B0624E03594641D27CF,3,27.24779221,"[('DMCEC7030LiPF61.5', '190-1-0.7'), ('DMCEC5050LiPF61.5', '1710-7-0.7')]",RUNfast_derated2,DMC_EC|52_48|LiPF6|1.5,1.5,0.48,1,BO,13,"[('DMC_EC|70_30|LiPF6|1.5', '190-1-0.7'), ('DMC_EC|50_50|LiPF6|1.5', '1710-7-0.7')]","{'DMC_EC|70_30|LiPF6|1.5': 1.27, 'DMC_EC|50_50|LiPF6|1.5': 1.323}","{'DMC_EC|70_30|LiPF6|1.5': 190, 'DMC_EC|50_50|LiPF6|1.5': 1710}"
77,0.049553277,B9AD26A61B271E3FA1257E2701949E3D,1,27.24987013,"[('DMCEC7030', '190-18-0.9'), ('DMCEC5050', '760-19-0.9'), ('DMCEC5050LiPF61.5', '950-7-0.7')]",RUNfast_derated2,DMC_EC|52_48|LiPF6|0.72,0.72,0.48,1,BO,16,"[('DMC_EC|70_30', '190-18-0.9'), ('DMC_EC|50_50', '760-19-0.9'), ('DMC_EC|50_50|LiPF6|1.5', '950-7-0.7')]","{'DMC_EC|50_50|LiPF6|1.5': 1.323, 'DMC_EC|50_50': 1.192, 'DMC_EC|70_30': 1.14}","{'DMC_EC|70_30': 190, 'DMC_EC|50_50': 760, 'DMC_EC|50_50|LiPF6|1.5': 950}"
78,12.8971648,93399AC3BA8B27323FCDEAC4A52A5A1B,2,27.20675325,"[('DMCEC7030', '190-18-0.9'), ('DMCEC5050', '760-19-0.9'), ('DMCEC5050LiPF61.5', '950-7-0.7')]",RUNfast_derated2,DMC_EC|52_48|LiPF6|0.72,0.72,0.48,1,BO,16,"[('DMC_EC|70_30', '190-18-0.9'), ('DMC_EC|50_50', '760-19-0.9'), ('DMC_EC|50_50|LiPF6|1.5', '950-7-0.7')]","{'DMC_EC|50_50|LiPF6|1.5': 1.323, 'DMC_EC|50_50': 1.192, 'DMC_EC|70_30': 1.14}","{'DMC_EC|70_30': 190, 'DMC_EC|50_50': 760, 'DMC_EC|50_50|LiPF6|1.5': 950}"
79,12.87098109,52E0985A18678C47BE159C9CDDD81BEE,3,27.14337662,"[('DMCEC7030', '190-18-0.9'), ('DMCEC5050', '760-19-0.9'), ('DMCEC5050LiPF61.5', '950-7-0.7')]",RUNfast_derated2,DMC_EC|52_48|LiPF6|0.72,0.72,0.48,1,BO,16,"[('DMC_EC|70_30', '190-18-0.9'), ('DMC_EC|50_50', '760-19-0.9'), ('DMC_EC|50_50|LiPF6|1.5', '950-7-0.7')]","{'DMC_EC|50_50|LiPF6|1.5': 1.323, 'DMC_EC|50_50': 1.192, 'DMC_EC|70_30': 1.14}","{'DMC_EC|70_30': 190, 'DMC_EC|50_50': 760, 'DMC_EC|50_50|LiPF6|1.5': 950}"
80,12.23210782,22755C4636A1D937BCC23D4AA1B25955,1,26.90441558,"[('ECEMC5050', '190-16-0.9'), ('DMCEC5050', '190-19-0.9'), ('DMCEC5050LiPF61.5', '1520-7-0.7')]",RUNfast_derated2,DMC_EC_EMC|45_50_5|LiPF6|1.18,1.18,0.5,0.9,BO,16,"[('EC_EMC|50_50', '190-16-0.9'), ('DMC_EC|50_50', '190-19-0.9'), ('DMC_EC|50_50|LiPF6|1.5', '1520-7-0.7')]","{'DMC_EC|50_50|LiPF6|1.5': 1.323, 'DMC_EC|50_50': 1.192, 'EC_EMC|50_50': 1.156}","{'EC_EMC|50_50': 190, 'DMC_EC|50_50': 190, 'DMC_EC|50_50|LiPF6|1.5': 1520}"
81,12.16887369,23F70A114D442D7A9652EA7D4EA4E182,2,26.97766234,"[('ECEMC5050', '190-16-0.9'), ('DMCEC5050', '190-19-0.9'), ('DMCEC5050LiPF61.5', '1520-7-0.7')]",RUNfast_derated2,DMC_EC_EMC|45_50_5|LiPF6|1.18,1.18,0.5,0.9,BO,16,"[('EC_EMC|50_50', '190-16-0.9'), ('DMC_EC|50_50', '190-19-0.9'), ('DMC_EC|50_50|LiPF6|1.5', '1520-7-0.7')]","{'DMC_EC|50_50|LiPF6|1.5': 1.323, 'DMC_EC|50_50': 1.192, 'EC_EMC|50_50': 1.156}","{'EC_EMC|50_50': 190, 'DMC_EC|50_50': 190, 'DMC_EC|50_50|LiPF6|1.5': 1520}"
82,12.18077092,24F3145571A86728B14AE454D22D11DE,3,27.02545455,"[('ECEMC5050', '190-16-0.9'), ('DMCEC5050', '190-19-0.9'), ('DMCEC5050LiPF61.5', '1520-7-0.7')]",RUNfast_derated2,DMC_EC_EMC|45_50_5|LiPF6|1.18,1.18,0.5,0.9,BO,17,"[('EC_EMC|50_50', '190-16-0.9'), ('DMC_EC|50_50', '190-19-0.9'), ('DMC_EC|50_50|LiPF6|1.5', '1520-7-0.7')]","{'DMC_EC|50_50|LiPF6|1.5': 1.323, 'DMC_EC|50_50': 1.192, 'EC_EMC|50_50': 1.156}","{'EC_EMC|50_50': 190, 'DMC_EC|50_50': 190, 'DMC_EC|50_50|LiPF6|1.5': 1520}"
83,13.10311527,DCDD07BDEBA5151D7C9C5D757D2672AA,1,27.21766234,"[('ECEMC3070', '190-15-0.9'), ('DMCEC7030', '570-18-0.9'), ('DMCEC7030LiPF61.5', '1140-1-0.7')]",RUNfast_derated2,DMC_EC_EMC|63_30_7|LiPF6|0.87,0.87,0.3,0.9,BO,16,"[('EC_EMC|30_70', '190-15-0.9'), ('DMC_EC|70_30', '570-18-0.9'), ('DMC_EC|70_30|LiPF6|1.5', '1140-1-0.7')]","{'DMC_EC|70_30|LiPF6|1.5': 1.27, 'DMC_EC|70_30': 1.14, 'EC_EMC|30_70': 1.095}","{'EC_EMC|30_70': 190, 'DMC_EC|70_30': 570, 'DMC_EC|70_30|LiPF6|1.5': 1140}"
84,12.9093865,67CE29DD4F6E369D5BD13CB096B78313,2,27.15636364,"[('ECEMC3070', '190-15-0.9'), ('DMCEC7030', '570-18-0.9'), ('DMCEC7030LiPF61.5', '1140-1-0.7')]",RUNfast_derated2,DMC_EC_EMC|63_30_7|LiPF6|0.87,0.87,0.3,0.9,BO,17,"[('EC_EMC|30_70', '190-15-0.9'), ('DMC_EC|70_30', '570-18-0.9'), ('DMC_EC|70_30|LiPF6|1.5', '1140-1-0.7')]","{'DMC_EC|70_30|LiPF6|1.5': 1.27, 'DMC_EC|70_30': 1.14, 'EC_EMC|30_70': 1.095}","{'EC_EMC|30_70': 190, 'DMC_EC|70_30': 570, 'DMC_EC|70_30|LiPF6|1.5': 1140}"
85,12.86093226,E348DA45E077987B66F5A79326830176,3,27.11168831,"[('ECEMC3070', '190-15-0.9'), ('DMCEC7030', '570-18-0.9'), ('DMCEC7030LiPF61.5', '1140-1-0.7')]",RUNfast_derated2,DMC_EC_EMC|63_30_7|LiPF6|0.87,0.87,0.3,0.9,BO,16,"[('EC_EMC|30_70', '190-15-0.9'), ('DMC_EC|70_30', '570-18-0.9'), ('DMC_EC|70_30|LiPF6|1.5', '1140-1-0.7')]","{'DMC_EC|70_30|LiPF6|1.5': 1.27, 'DMC_EC|70_30': 1.14, 'EC_EMC|30_70': 1.095}","{'EC_EMC|30_70': 190, 'DMC_EC|70_30': 570, 'DMC_EC|70_30|LiPF6|1.5': 1140}"
86,13.65705451,089805B6A867D67C659BF59C6D9ED801,1,27.26077922,"[('DMCEC7030', '380-18-0.9'), ('DMCEC5050', '190-19-0.9'), ('DMCEC7030LiPF61.5', '1330-1-0.7')]",RUNfast_derated2,DMC_EC|68_32|LiPF6|1.01,1.01,0.32,1,BO,16,"[('DMC_EC|70_30', '380-18-0.9'), ('DMC_EC|50_50', '190-19-0.9'), ('DMC_EC|70_30|LiPF6|1.5', '1330-1-0.7')]","{'DMC_EC|70_30|LiPF6|1.5': 1.27, 'DMC_EC|50_50': 1.192, 'DMC_EC|70_30': 1.14}","{'DMC_EC|70_30': 380, 'DMC_EC|50_50': 190, 'DMC_EC|70_30|LiPF6|1.5': 1330}"
87,13.45773955,74AC87EC4ADDE82A5F9A5282B6D9C71B,2,27.16623377,"[('DMCEC7030', '380-18-0.9'), ('DMCEC5050', '190-19-0.9'), ('DMCEC7030LiPF61.5', '1330-1-0.7')]",RUNfast_derated2,DMC_EC|68_32|LiPF6|1.01,1.01,0.32,1,BO,17,"[('DMC_EC|70_30', '380-18-0.9'), ('DMC_EC|50_50', '190-19-0.9'), ('DMC_EC|70_30|LiPF6|1.5', '1330-1-0.7')]","{'DMC_EC|70_30|LiPF6|1.5': 1.27, 'DMC_EC|50_50': 1.192, 'DMC_EC|70_30': 1.14}","{'DMC_EC|70_30': 380, 'DMC_EC|50_50': 190, 'DMC_EC|70_30|LiPF6|1.5': 1330}"
88,13.43461727,E418C35F98BCC94D51596C94D72175A2,3,27.12727273,"[('DMCEC7030', '380-18-0.9'), ('DMCEC5050', '190-19-0.9'), ('DMCEC7030LiPF61.5', '1330-1-0.7')]",RUNfast_derated2,DMC_EC|68_32|LiPF6|1.01,1.01,0.32,1,BO,16,"[('DMC_EC|70_30', '380-18-0.9'), ('DMC_EC|50_50', '190-19-0.9'), ('DMC_EC|70_30|LiPF6|1.5', '1330-1-0.7')]","{'DMC_EC|70_30|LiPF6|1.5': 1.27, 'DMC_EC|50_50': 1.192, 'DMC_EC|70_30': 1.14}","{'DMC_EC|70_30': 380, 'DMC_EC|50_50': 190, 'DMC_EC|70_30|LiPF6|1.5': 1330}"
89,13.66089295,A20F24A618D57E5AD7ED225F4CD25A2E,1,27.25922078,"[('DMCEC7030', '570-18-0.9'), ('DMCEC7030LiPF61.5', '1330-1-0.7')]",RUNfast_derated2,DMC_EC|70_30|LiPF6|1.02,1.02,0.3,1,BO,13,"[('DMC_EC|70_30', '570-18-0.9'), ('DMC_EC|70_30|LiPF6|1.5', '1330-1-0.7')]","{'DMC_EC|70_30|LiPF6|1.5': 1.27, 'DMC_EC|70_30': 1.14}","{'DMC_EC|70_30': 570, 'DMC_EC|70_30|LiPF6|1.5': 1330}"
90,13.42026048,44B812A6342923CB2A8DE76636A8B934,2,27.20311688,"[('DMCEC7030', '570-18-0.9'), ('DMCEC7030LiPF61.5', '1330-1-0.7')]",RUNfast_derated2,DMC_EC|70_30|LiPF6|1.02,1.02,0.3,1,BO,13,"[('DMC_EC|70_30', '570-18-0.9'), ('DMC_EC|70_30|LiPF6|1.5', '1330-1-0.7')]","{'DMC_EC|70_30|LiPF6|1.5': 1.27, 'DMC_EC|70_30': 1.14}","{'DMC_EC|70_30': 570, 'DMC_EC|70_30|LiPF6|1.5': 1330}"
91,13.40045873,81D4E958A6E94DA00C41035413E13644,3,27.17454545,"[('DMCEC7030', '570-18-0.9'), ('DMCEC7030LiPF61.5', '1330-1-0.7')]",RUNfast_derated2,DMC_EC|70_30|LiPF6|1.02,1.02,0.3,1,BO,13,"[('DMC_EC|70_30', '570-18-0.9'), ('DMC_EC|70_30|LiPF6|1.5', '1330-1-0.7')]","{'DMC_EC|70_30|LiPF6|1.5': 1.27, 'DMC_EC|70_30': 1.14}","{'DMC_EC|70_30': 570, 'DMC_EC|70_30|LiPF6|1.5': 1330}"
92,11.35058706,54ECA13B42576966198E976D4E8036B2,1,27.24415584,"[('ECEMC3070LiPF61.5', '570-2-0.7'), ('DMCEC7030LiPF61.5', '1140-1-0.7'), ('ECEMC5050LiPF61.5', '190-5-0.7')]",RUNfast_derated2,DMC_EC_EMC|42_32_26|LiPF6|1.5,1.5,0.32,0.617647059,BO,16,"[('EC_EMC|30_70|LiPF6|1.5', '570-2-0.7'), ('DMC_EC|70_30|LiPF6|1.5', '1140-1-0.7'), ('EC_EMC|50_50|LiPF6|1.5', '190-5-0.7')]","{'DMC_EC|70_30|LiPF6|1.5': 1.27, 'EC_EMC|30_70|LiPF6|1.5': 1.225, 'EC_EMC|50_50|LiPF6|1.5': 1.287}","{'EC_EMC|30_70|LiPF6|1.5': 570, 'DMC_EC|70_30|LiPF6|1.5': 1140, 'EC_EMC|50_50|LiPF6|1.5': 190}"
93,11.01077687,16C36B42384F79EDEE3A1927B1DE76E7,2,27.16935065,"[('ECEMC3070LiPF61.5', '570-2-0.7'), ('DMCEC7030LiPF61.5', '1140-1-0.7'), ('ECEMC5050LiPF61.5', '190-5-0.7')]",RUNfast_derated2,DMC_EC_EMC|42_32_26|LiPF6|1.5,1.5,0.32,0.617647059,BO,16,"[('EC_EMC|30_70|LiPF6|1.5', '570-2-0.7'), ('DMC_EC|70_30|LiPF6|1.5', '1140-1-0.7'), ('EC_EMC|50_50|LiPF6|1.5', '190-5-0.7')]","{'DMC_EC|70_30|LiPF6|1.5': 1.27, 'EC_EMC|30_70|LiPF6|1.5': 1.225, 'EC_EMC|50_50|LiPF6|1.5': 1.287}","{'EC_EMC|30_70|LiPF6|1.5': 570, 'DMC_EC|70_30|LiPF6|1.5': 1140, 'EC_EMC|50_50|LiPF6|1.5': 190}"
94,10.96523655,39D3518ABDBCC6F58D56832EB86D48B4,3,27.11688312,"[('ECEMC3070LiPF61.5', '570-2-0.7'), ('DMCEC7030LiPF61.5', '1140-1-0.7'), ('ECEMC5050LiPF61.5', '190-5-0.7')]",RUNfast_derated2,DMC_EC_EMC|42_32_26|LiPF6|1.5,1.5,0.32,0.617647059,BO,16,"[('EC_EMC|30_70|LiPF6|1.5', '570-2-0.7'), ('DMC_EC|70_30|LiPF6|1.5', '1140-1-0.7'), ('EC_EMC|50_50|LiPF6|1.5', '190-5-0.7')]","{'DMC_EC|70_30|LiPF6|1.5': 1.27, 'EC_EMC|30_70|LiPF6|1.5': 1.225, 'EC_EMC|50_50|LiPF6|1.5': 1.287}","{'EC_EMC|30_70|LiPF6|1.5': 570, 'DMC_EC|70_30|LiPF6|1.5': 1140, 'EC_EMC|50_50|LiPF6|1.5': 190}"
95,13.5860319,D48E9E0D8CC4173AE4B3277BE66CB0B7,1,27.24155844,"[('DMCEC7030', '380-18-0.9'), ('DMCEC7030LiPF61.5', '1520-1-0.7')]",RUNfast_derated2,DMC_EC|70_30|LiPF6|1.18,1.18,0.3,1,BO,13,"[('DMC_EC|70_30', '380-18-0.9'), ('DMC_EC|70_30|LiPF6|1.5', '1520-1-0.7')]","{'DMC_EC|70_30|LiPF6|1.5': 1.27, 'DMC_EC|70_30': 1.14}","{'DMC_EC|70_30': 380, 'DMC_EC|70_30|LiPF6|1.5': 1520}"
96,13.29486332,D4A8A2191165203E99CB75D9AC991821,2,27.18493506,"[('DMCEC7030', '380-18-0.9'), ('DMCEC7030LiPF61.5', '1520-1-0.7')]",RUNfast_derated2,DMC_EC|70_30|LiPF6|1.18,1.18,0.3,1,BO,13,"[('DMC_EC|70_30', '380-18-0.9'), ('DMC_EC|70_30|LiPF6|1.5', '1520-1-0.7')]","{'DMC_EC|70_30|LiPF6|1.5': 1.27, 'DMC_EC|70_30': 1.14}","{'DMC_EC|70_30': 380, 'DMC_EC|70_30|LiPF6|1.5': 1520}"
97,13.29486332,D4A8A2191165203E99CB75D9AC991821,2,27.18493506,"[('DMCEC7030', '380-18-0.9'), ('DMCEC7030LiPF61.5', '1520-1-0.7')]",RUNfast_derated2,DMC_EC|70_30|LiPF6|1.18,1.18,0.3,1,BO,13,"[('DMC_EC|70_30', '380-18-0.9'), ('DMC_EC|70_30|LiPF6|1.5', '1520-1-0.7')]","{'DMC_EC|70_30|LiPF6|1.5': 1.27, 'DMC_EC|70_30': 1.14}","{'DMC_EC|70_30': 380, 'DMC_EC|70_30|LiPF6|1.5': 1520}"
98,13.22877084,1AC9D3D166D2CA27971C5BD894D45CAC,1,26.79116883,"[('DMCEC7030', '380-18-0.9'), ('DMCEC5050', '190-19-0.9'), ('DMCEC7030LiPF61.5', '1330-1-0.7')]",RUNfast_derated2,DMC_EC|68_32|LiPF6|1.01,1.01,0.32,1,BO,15,"[('DMC_EC|70_30', '380-18-0.9'), ('DMC_EC|50_50', '190-19-0.9'), ('DMC_EC|70_30|LiPF6|1.5', '1330-1-0.7')]","{'DMC_EC|70_30|LiPF6|1.5': 1.27, 'DMC_EC|50_50': 1.192, 'DMC_EC|70_30': 1.14}","{'DMC_EC|70_30': 380, 'DMC_EC|50_50': 190, 'DMC_EC|70_30|LiPF6|1.5': 1330}"
99,13.35846863,1704AFA99D938947143577B689A447A7,2,26.86597403,"[('DMCEC7030', '380-18-0.9'), ('DMCEC5050', '190-19-0.9'), ('DMCEC7030LiPF61.5', '1330-1-0.7')]",RUNfast_derated2,DMC_EC|68_32|LiPF6|1.01,1.01,0.32,1,BO,17,"[('DMC_EC|70_30', '380-18-0.9'), ('DMC_EC|50_50', '190-19-0.9'), ('DMC_EC|70_30|LiPF6|1.5', '1330-1-0.7')]","{'DMC_EC|70_30|LiPF6|1.5': 1.27, 'DMC_EC|50_50': 1.192, 'DMC_EC|70_30': 1.14}","{'DMC_EC|70_30': 380, 'DMC_EC|50_50': 190, 'DMC_EC|70_30|LiPF6|1.5': 1330}"
100,12.89762957,395167E1BC773E5A51083C3A713D2D5A,3,26.93714286,"[('DMCEC7030', '380-18-0.9'), ('DMCEC5050', '190-19-0.9'), ('DMCEC7030LiPF61.5', '1330-1-0.7')]",RUNfast_derated2,DMC_EC|68_32|LiPF6|1.01,1.01,0.32,1,BO,16,"[('DMC_EC|70_30', '380-18-0.9'), ('DMC_EC|50_50', '190-19-0.9'), ('DMC_EC|70_30|LiPF6|1.5', '1330-1-0.7')]","{'DMC_EC|70_30|LiPF6|1.5': 1.27, 'DMC_EC|50_50': 1.192, 'DMC_EC|70_30': 1.14}","{'DMC_EC|70_30': 380, 'DMC_EC|50_50': 190, 'DMC_EC|70_30|LiPF6|1.5': 1330}"
101,13.26833829,BBED77B4BAFC3884BD076AD7B4E20787,1,27.13974026,"[('DMCEC5050', '760-19-0.9'), ('DMCEC5050LiPF61.5', '1140-7-0.7')]",RUNfast_derated2,DMC_EC|50_50|LiPF6|0.86,0.86,0.5,1,BO,12,"[('DMC_EC|50_50', '760-19-0.9'), ('DMC_EC|50_50|LiPF6|1.5', '1140-7-0.7')]","{'DMC_EC|50_50|LiPF6|1.5': 1.323, 'DMC_EC|50_50': 1.192}","{'DMC_EC|50_50': 760, 'DMC_EC|50_50|LiPF6|1.5': 1140}"
102,13.0564453,1D6A9EB87C1C58D1D856C6F59558E9D9,2,27.13142857,"[('DMCEC5050', '760-19-0.9'), ('DMCEC5050LiPF61.5', '1140-7-0.7')]",RUNfast_derated2,DMC_EC|50_50|LiPF6|0.86,0.86,0.5,1,BO,13,"[('DMC_EC|50_50', '760-19-0.9'), ('DMC_EC|50_50|LiPF6|1.5', '1140-7-0.7')]","{'DMC_EC|50_50|LiPF6|1.5': 1.323, 'DMC_EC|50_50': 1.192}","{'DMC_EC|50_50': 760, 'DMC_EC|50_50|LiPF6|1.5': 1140}"
103,13.04053048,2EA36919AD3F8A3BBD0944B2D97AF0FA,3,27.09818182,"[('DMCEC5050', '760-19-0.9'), ('DMCEC5050LiPF61.5', '1140-7-0.7')]",RUNfast_derated2,DMC_EC|50_50|LiPF6|0.86,0.86,0.5,1,BO,13,"[('DMC_EC|50_50', '760-19-0.9'), ('DMC_EC|50_50|LiPF6|1.5', '1140-7-0.7')]","{'DMC_EC|50_50|LiPF6|1.5': 1.323, 'DMC_EC|50_50': 1.192}","{'DMC_EC|50_50': 760, 'DMC_EC|50_50|LiPF6|1.5': 1140}"
104,13.65641498,BD6BDD4F741A3E07AC94C6D835E37A18,1,27.12467532,"[('DMCEC7030', '190-18-0.9'), ('DMCEC5050', '380-19-0.9'), ('DMCEC7030LiPF61.5', '950-1-0.7'), ('DMCEC5050LiPF61.5', '380-7-0.7')]",RUNfast_derated2,DMC_EC|62_38|LiPF6|1.01,1.01,0.38,1,BO,20,"[('DMC_EC|70_30', '190-18-0.9'), ('DMC_EC|50_50', '380-19-0.9'), ('DMC_EC|70_30|LiPF6|1.5', '950-1-0.7'), ('DMC_EC|50_50|LiPF6|1.5', '380-7-0.7')]","{'DMC_EC|70_30|LiPF6|1.5': 1.27, 'DMC_EC|50_50|LiPF6|1.5': 1.323, 'DMC_EC|50_50': 1.192, 'DMC_EC|70_30': 1.14}","{'DMC_EC|70_30': 190, 'DMC_EC|50_50': 380, 'DMC_EC|70_30|LiPF6|1.5': 950, 'DMC_EC|50_50|LiPF6|1.5': 380}"
105,13.38906559,7B4BE328B7656DD7AEE39E3ADBA0053C,2,27.03376623,"[('DMCEC7030', '190-18-0.9'), ('DMCEC5050', '380-19-0.9'), ('DMCEC7030LiPF61.5', '950-1-0.7'), ('DMCEC5050LiPF61.5', '380-7-0.7')]",RUNfast_derated2,DMC_EC|62_38|LiPF6|1.01,1.01,0.38,1,BO,20,"[('DMC_EC|70_30', '190-18-0.9'), ('DMC_EC|50_50', '380-19-0.9'), ('DMC_EC|70_30|LiPF6|1.5', '950-1-0.7'), ('DMC_EC|50_50|LiPF6|1.5', '380-7-0.7')]","{'DMC_EC|70_30|LiPF6|1.5': 1.27, 'DMC_EC|50_50|LiPF6|1.5': 1.323, 'DMC_EC|50_50': 1.192, 'DMC_EC|70_30': 1.14}","{'DMC_EC|70_30': 190, 'DMC_EC|50_50': 380, 'DMC_EC|70_30|LiPF6|1.5': 950, 'DMC_EC|50_50|LiPF6|1.5': 380}"
106,13.3604406,443811AB0372D5BEC7C9185D2B270FB1,3,26.98597403,"[('DMCEC7030', '190-18-0.9'), ('DMCEC5050', '380-19-0.9'), ('DMCEC7030LiPF61.5', '950-1-0.7'), ('DMCEC5050LiPF61.5', '380-7-0.7')]",RUNfast_derated2,DMC_EC|62_38|LiPF6|1.01,1.01,0.38,1,BO,20,"[('DMC_EC|70_30', '190-18-0.9'), ('DMC_EC|50_50', '380-19-0.9'), ('DMC_EC|70_30|LiPF6|1.5', '950-1-0.7'), ('DMC_EC|50_50|LiPF6|1.5', '380-7-0.7')]","{'DMC_EC|70_30|LiPF6|1.5': 1.27, 'DMC_EC|50_50|LiPF6|1.5': 1.323, 'DMC_EC|50_50': 1.192, 'DMC_EC|70_30': 1.14}","{'DMC_EC|70_30': 190, 'DMC_EC|50_50': 380, 'DMC_EC|70_30|LiPF6|1.5': 950, 'DMC_EC|50_50|LiPF6|1.5': 380}"
107,9.970945463,1EC52AC5B7EE814AC8A5A3A6E58F661E,1,27.27168831,"[('ECEMC3070', '570-15-0.9'), ('ECEMC5050', '380-16-0.9'), ('ECEMC3070LiPF61.5', '570-2-0.7'), ('DMCEC7030LiPF61.5', '380-1-0.7')]",RUNfast_derated2,DMC_EC_EMC|14_34_52|LiPF6|0.71,0.71,0.34,0.212121212,BO,19,"[('EC_EMC|30_70', '570-15-0.9'), ('EC_EMC|50_50', '380-16-0.9'), ('EC_EMC|30_70|LiPF6|1.5', '570-2-0.7'), ('DMC_EC|70_30|LiPF6|1.5', '380-1-0.7')]","{'DMC_EC|70_30|LiPF6|1.5': 1.27, 'EC_EMC|30_70|LiPF6|1.5': 1.225, 'EC_EMC|50_50': 1.156, 'EC_EMC|30_70': 1.095}","{'EC_EMC|30_70': 570, 'EC_EMC|50_50': 380, 'EC_EMC|30_70|LiPF6|1.5': 570, 'DMC_EC|70_30|LiPF6|1.5': 380}"
108,10.06027432,75AD85B84F7C73E1A3EFE692DD102434,2,27.36,"[('ECEMC3070', '570-15-0.9'), ('ECEMC5050', '380-16-0.9'), ('ECEMC3070LiPF61.5', '570-2-0.7'), ('DMCEC7030LiPF61.5', '380-1-0.7')]",RUNfast_derated2,DMC_EC_EMC|14_34_52|LiPF6|0.71,0.71,0.34,0.212121212,BO,20,"[('EC_EMC|30_70', '570-15-0.9'), ('EC_EMC|50_50', '380-16-0.9'), ('EC_EMC|30_70|LiPF6|1.5', '570-2-0.7'), ('DMC_EC|70_30|LiPF6|1.5', '380-1-0.7')]","{'DMC_EC|70_30|LiPF6|1.5': 1.27, 'EC_EMC|30_70|LiPF6|1.5': 1.225, 'EC_EMC|50_50': 1.156, 'EC_EMC|30_70': 1.095}","{'EC_EMC|30_70': 570, 'EC_EMC|50_50': 380, 'EC_EMC|30_70|LiPF6|1.5': 570, 'DMC_EC|70_30|LiPF6|1.5': 380}"
109,10.03340522,4473C11B45700A9E662A281F678F26C6,3,27.36883117,"[('ECEMC3070', '570-15-0.9'), ('ECEMC5050', '380-16-0.9'), ('ECEMC3070LiPF61.5', '570-2-0.7'), ('DMCEC7030LiPF61.5', '380-1-0.7')]",RUNfast_derated2,DMC_EC_EMC|14_34_52|LiPF6|0.71,0.71,0.34,0.212121212,BO,20,"[('EC_EMC|30_70', '570-15-0.9'), ('EC_EMC|50_50', '380-16-0.9'), ('EC_EMC|30_70|LiPF6|1.5', '570-2-0.7'), ('DMC_EC|70_30|LiPF6|1.5', '380-1-0.7')]","{'DMC_EC|70_30|LiPF6|1.5': 1.27, 'EC_EMC|30_70|LiPF6|1.5': 1.225, 'EC_EMC|50_50': 1.156, 'EC_EMC|30_70': 1.095}","{'EC_EMC|30_70': 570, 'EC_EMC|50_50': 380, 'EC_EMC|30_70|LiPF6|1.5': 570, 'DMC_EC|70_30|LiPF6|1.5': 380}"
110,4.152961892,9B67E65C752132C0A88C3BFE444F9412,1,27.48051948,"[('ECEMC3070', '570-15-0.9'), ('DMCEC7030', '190-18-0.9'), ('ECEMC5050', '950-16-0.9'), ('DMCEC7030LiPF61.5', '190-1-0.7')]",RUNfast_derated2,DMC_EC_EMC|14_40_46|LiPF6|0.14,0.14,0.4,0.233333333,RAND,19,"[('EC_EMC|30_70', '570-15-0.9'), ('DMC_EC|70_30', '190-18-0.9'), ('EC_EMC|50_50', '950-16-0.9'), ('DMC_EC|70_30|LiPF6|1.5', '190-1-0.7')]","{'DMC_EC|70_30|LiPF6|1.5': 1.27, 'DMC_EC|70_30': 1.14, 'EC_EMC|50_50': 1.156, 'EC_EMC|30_70': 1.095}","{'EC_EMC|30_70': 570, 'DMC_EC|70_30': 190, 'EC_EMC|50_50': 950, 'DMC_EC|70_30|LiPF6|1.5': 190}"
111,4.277031911,D6A69C8EE7D94024DCEC15E928162763,2,27.39896104,"[('ECEMC3070', '570-15-0.9'), ('DMCEC7030', '190-18-0.9'), ('ECEMC5050', '950-16-0.9'), ('DMCEC7030LiPF61.5', '190-1-0.7')]",RUNfast_derated2,DMC_EC_EMC|14_40_46|LiPF6|0.14,0.14,0.4,0.233333333,RAND,19,"[('EC_EMC|30_70', '570-15-0.9'), ('DMC_EC|70_30', '190-18-0.9'), ('EC_EMC|50_50', '950-16-0.9'), ('DMC_EC|70_30|LiPF6|1.5', '190-1-0.7')]","{'DMC_EC|70_30|LiPF6|1.5': 1.27, 'DMC_EC|70_30': 1.14, 'EC_EMC|50_50': 1.156, 'EC_EMC|30_70': 1.095}","{'EC_EMC|30_70': 570, 'DMC_EC|70_30': 190, 'EC_EMC|50_50': 950, 'DMC_EC|70_30|LiPF6|1.5': 190}"
112,4.192766639,FABD2672BE54C4B35B1F6C35179A2365,3,27.38025974,"[('ECEMC3070', '570-15-0.9'), ('DMCEC7030', '190-18-0.9'), ('ECEMC5050', '950-16-0.9'), ('DMCEC7030LiPF61.5', '190-1-0.7')]",RUNfast_derated2,DMC_EC_EMC|14_40_46|LiPF6|0.14,0.14,0.4,0.233333333,RAND,20,"[('EC_EMC|30_70', '570-15-0.9'), ('DMC_EC|70_30', '190-18-0.9'), ('EC_EMC|50_50', '950-16-0.9'), ('DMC_EC|70_30|LiPF6|1.5', '190-1-0.7')]","{'DMC_EC|70_30|LiPF6|1.5': 1.27, 'DMC_EC|70_30': 1.14, 'EC_EMC|50_50': 1.156, 'EC_EMC|30_70': 1.095}","{'EC_EMC|30_70': 570, 'DMC_EC|70_30': 190, 'EC_EMC|50_50': 950, 'DMC_EC|70_30|LiPF6|1.5': 190}"
113,9.314261352,6C4A192F44DBC0F1E71B16CBC319794E,1,26.8987013,"[('DMCEC7030', '0-5-0.95'), ('DMCEC5050', '190-15-0.95'), ('DMCEC7030LiPF62', '285-4-0.8'), ('DMCEC5050LiPF62', '1425-3-0.7')]",RUNfast_derated2,DMC_EC|53_47|LiPF6|1.78,1.78,0.47,1,RAND,16,"[('DMC_EC|70_30', '0-5-0.95'), ('DMC_EC|50_50', '190-15-0.95'), ('DMC_EC|70_30|LiPF6|2', '285-4-0.8'), ('DMC_EC|50_50|LiPF6|2', '1425-3-0.7')]","{'DMC_EC|70_30|LiPF6|2': 1.31, 'DMC_EC|50_50|LiPF6|2': 1.362, 'DMC_EC|70_30': 1.13, 'DMC_EC|50_50': 1.18}","{'DMC_EC|70_30': 0, 'DMC_EC|50_50': 190, 'DMC_EC|70_30|LiPF6|2': 285, 'DMC_EC|50_50|LiPF6|2': 1425}"
114,9.338242896,47D5483DD9211E1A363A55B19C85FD28,2,26.81142857,"[('DMCEC7030', '0-5-0.95'), ('DMCEC5050', '190-15-0.95'), ('DMCEC7030LiPF62', '285-4-0.8'), ('DMCEC5050LiPF62', '1425-3-0.7')]",RUNfast_derated2,DMC_EC|53_47|LiPF6|1.78,1.78,0.47,1,RAND,16,"[('DMC_EC|70_30', '0-5-0.95'), ('DMC_EC|50_50', '190-15-0.95'), ('DMC_EC|70_30|LiPF6|2', '285-4-0.8'), ('DMC_EC|50_50|LiPF6|2', '1425-3-0.7')]","{'DMC_EC|70_30|LiPF6|2': 1.31, 'DMC_EC|50_50|LiPF6|2': 1.362, 'DMC_EC|70_30': 1.13, 'DMC_EC|50_50': 1.18}","{'DMC_EC|70_30': 0, 'DMC_EC|50_50': 190, 'DMC_EC|70_30|LiPF6|2': 285, 'DMC_EC|50_50|LiPF6|2': 1425}"
115,9.030114176,BBE63C18839669D776D49140413559A6,3,26.75948052,"[('DMCEC7030', '0-5-0.95'), ('DMCEC5050', '190-15-0.95'), ('DMCEC7030LiPF62', '285-4-0.8'), ('DMCEC5050LiPF62', '1425-3-0.7')]",RUNfast_derated2,DMC_EC|53_47|LiPF6|1.78,1.78,0.47,1,RAND,16,"[('DMC_EC|70_30', '0-5-0.95'), ('DMC_EC|50_50', '190-15-0.95'), ('DMC_EC|70_30|LiPF6|2', '285-4-0.8'), ('DMC_EC|50_50|LiPF6|2', '1425-3-0.7')]","{'DMC_EC|70_30|LiPF6|2': 1.31, 'DMC_EC|50_50|LiPF6|2': 1.362, 'DMC_EC|70_30': 1.13, 'DMC_EC|50_50': 1.18}","{'DMC_EC|70_30': 0, 'DMC_EC|50_50': 190, 'DMC_EC|70_30|LiPF6|2': 285, 'DMC_EC|50_50|LiPF6|2': 1425}"
116,11.64521325,834BE9929ACD89D9A9329CC09769D0DC,1,27.60363636,"[('ECEMC3070', '380-15-0.9'), ('DMCEC5050', '190-19-0.9'), ('ECEMC3070LiPF61.5', '570-2-0.7'), ('DMCEC5050LiPF61.5', '760-7-0.7')]",RUNfast_derated2,DMC_EC_EMC|26_40_34|LiPF6|1.03,1.03,0.4,0.433333333,RAND,19,"[('EC_EMC|30_70', '380-15-0.9'), ('DMC_EC|50_50', '190-19-0.9'), ('EC_EMC|30_70|LiPF6|1.5', '570-2-0.7'), ('DMC_EC|50_50|LiPF6|1.5', '760-7-0.7')]","{'EC_EMC|30_70|LiPF6|1.5': 1.225, 'DMC_EC|50_50|LiPF6|1.5': 1.323, 'DMC_EC|50_50': 1.192, 'EC_EMC|30_70': 1.095}","{'EC_EMC|30_70': 380, 'DMC_EC|50_50': 190, 'EC_EMC|30_70|LiPF6|1.5': 570, 'DMC_EC|50_50|LiPF6|1.5': 760}"
117,11.73520248,5412558B68E93B46A4CBE9EBF4EAB8C1,2,27.48519481,"[('ECEMC3070', '380-15-0.9'), ('DMCEC5050', '190-19-0.9'), ('ECEMC3070LiPF61.5', '570-2-0.7'), ('DMCEC5050LiPF61.5', '760-7-0.7')]",RUNfast_derated2,DMC_EC_EMC|26_40_34|LiPF6|1.03,1.03,0.4,0.433333333,RAND,20,"[('EC_EMC|30_70', '380-15-0.9'), ('DMC_EC|50_50', '190-19-0.9'), ('EC_EMC|30_70|LiPF6|1.5', '570-2-0.7'), ('DMC_EC|50_50|LiPF6|1.5', '760-7-0.7')]","{'EC_EMC|30_70|LiPF6|1.5': 1.225, 'DMC_EC|50_50|LiPF6|1.5': 1.323, 'DMC_EC|50_50': 1.192, 'EC_EMC|30_70': 1.095}","{'EC_EMC|30_70': 380, 'DMC_EC|50_50': 190, 'EC_EMC|30_70|LiPF6|1.5': 570, 'DMC_EC|50_50|LiPF6|1.5': 760}"
118,11.32056035,B489B037E1A88975A25CA023E6358158,3,27.43064935,"[('ECEMC3070', '380-15-0.9'), ('DMCEC5050', '190-19-0.9'), ('ECEMC3070LiPF61.5', '570-2-0.7'), ('DMCEC5050LiPF61.5', '760-7-0.7')]",RUNfast_derated2,DMC_EC_EMC|26_40_34|LiPF6|1.03,1.03,0.4,0.433333333,RAND,20,"[('EC_EMC|30_70', '380-15-0.9'), ('DMC_EC|50_50', '190-19-0.9'), ('EC_EMC|30_70|LiPF6|1.5', '570-2-0.7'), ('DMC_EC|50_50|LiPF6|1.5', '760-7-0.7')]","{'EC_EMC|30_70|LiPF6|1.5': 1.225, 'DMC_EC|50_50|LiPF6|1.5': 1.323, 'DMC_EC|50_50': 1.192, 'EC_EMC|30_70': 1.095}","{'EC_EMC|30_70': 380, 'DMC_EC|50_50': 190, 'EC_EMC|30_70|LiPF6|1.5': 570, 'DMC_EC|50_50|LiPF6|1.5': 760}"
119,9.914111966,8E9AB5D12893D2FB4A33594C51B9B41A,1,27.52311688,"[('ECEMC3070', '190-15-0.9'), ('ECEMC3070LiPF61.5', '570-2-0.7'), ('ECEMC5050LiPF61.5', '1140-5-0.7')]",RUNfast_derated2,EC_EMC|42_58|LiPF6|1.34,1.34,0.42,0,RAND,16,"[('EC_EMC|30_70', '190-15-0.9'), ('EC_EMC|30_70|LiPF6|1.5', '570-2-0.7'), ('EC_EMC|50_50|LiPF6|1.5', '1140-5-0.7')]","{'EC_EMC|30_70|LiPF6|1.5': 1.225, 'EC_EMC|50_50|LiPF6|1.5': 1.287, 'EC_EMC|30_70': 1.095}","{'EC_EMC|30_70': 190, 'EC_EMC|30_70|LiPF6|1.5': 570, 'EC_EMC|50_50|LiPF6|1.5': 1140}"
120,9.575203929,9126DBD72C5D006929037272E8319379,2,27.45194805,"[('ECEMC3070', '190-15-0.9'), ('ECEMC3070LiPF61.5', '570-2-0.7'), ('ECEMC5050LiPF61.5', '1140-5-0.7')]",RUNfast_derated2,EC_EMC|42_58|LiPF6|1.34,1.34,0.42,0,RAND,17,"[('EC_EMC|30_70', '190-15-0.9'), ('EC_EMC|30_70|LiPF6|1.5', '570-2-0.7'), ('EC_EMC|50_50|LiPF6|1.5', '1140-5-0.7')]","{'EC_EMC|30_70|LiPF6|1.5': 1.225, 'EC_EMC|50_50|LiPF6|1.5': 1.287, 'EC_EMC|30_70': 1.095}","{'EC_EMC|30_70': 190, 'EC_EMC|30_70|LiPF6|1.5': 570, 'EC_EMC|50_50|LiPF6|1.5': 1140}"
121,9.559800534,DC6A9222932EB5AF2874ACE9D592D3A3,3,27.39688312,"[('ECEMC3070', '190-15-0.9'), ('ECEMC3070LiPF61.5', '570-2-0.7'), ('ECEMC5050LiPF61.5', '1140-5-0.7')]",RUNfast_derated2,EC_EMC|42_58|LiPF6|1.34,1.34,0.42,0,RAND,16,"[('EC_EMC|30_70', '190-15-0.9'), ('EC_EMC|30_70|LiPF6|1.5', '570-2-0.7'), ('EC_EMC|50_50|LiPF6|1.5', '1140-5-0.7')]","{'EC_EMC|30_70|LiPF6|1.5': 1.225, 'EC_EMC|50_50|LiPF6|1.5': 1.287, 'EC_EMC|30_70': 1.095}","{'EC_EMC|30_70': 190, 'EC_EMC|30_70|LiPF6|1.5': 570, 'EC_EMC|50_50|LiPF6|1.5': 1140}"
122,8.061840508,CD4912C192926897DAD6B71581748358,1,27.47220779,"[('ECEMC3070', '950-15-0.9'), ('DMCEC7030', '380-18-0.9'), ('ECEMC3070LiPF61.5', '570-2-0.7')]",RUNfast_derated2,DMC_EC_EMC|15_30_55|LiPF6|0.42,0.42,0.3,0.214285714,RAND,16,"[('EC_EMC|30_70', '950-15-0.9'), ('DMC_EC|70_30', '380-18-0.9'), ('EC_EMC|30_70|LiPF6|1.5', '570-2-0.7')]","{'EC_EMC|30_70|LiPF6|1.5': 1.225, 'DMC_EC|70_30': 1.14, 'EC_EMC|30_70': 1.095}","{'EC_EMC|30_70': 950, 'DMC_EC|70_30': 380, 'EC_EMC|30_70|LiPF6|1.5': 570}"
123,8.098914505,EE59BAECA6C82441E375BE7B2D11CA12,2,27.37298701,"[('ECEMC3070', '950-15-0.9'), ('DMCEC7030', '380-18-0.9'), ('ECEMC3070LiPF61.5', '570-2-0.7')]",RUNfast_derated2,DMC_EC_EMC|15_30_55|LiPF6|0.42,0.42,0.3,0.214285714,RAND,16,"[('EC_EMC|30_70', '950-15-0.9'), ('DMC_EC|70_30', '380-18-0.9'), ('EC_EMC|30_70|LiPF6|1.5', '570-2-0.7')]","{'EC_EMC|30_70|LiPF6|1.5': 1.225, 'DMC_EC|70_30': 1.14, 'EC_EMC|30_70': 1.095}","{'EC_EMC|30_70': 950, 'DMC_EC|70_30': 380, 'EC_EMC|30_70|LiPF6|1.5': 570}"
124,7.734789536,3DE49F666DD70D6A64F28AB6B0B5AEB5,3,27.34857143,"[('ECEMC3070', '950-15-0.9'), ('DMCEC7030', '380-18-0.9'), ('ECEMC3070LiPF61.5', '570-2-0.7')]",RUNfast_derated2,DMC_EC_EMC|15_30_55|LiPF6|0.42,0.42,0.3,0.214285714,RAND,16,"[('EC_EMC|30_70', '950-15-0.9'), ('DMC_EC|70_30', '380-18-0.9'), ('EC_EMC|30_70|LiPF6|1.5', '570-2-0.7')]","{'EC_EMC|30_70|LiPF6|1.5': 1.225, 'DMC_EC|70_30': 1.14, 'EC_EMC|30_70': 1.095}","{'EC_EMC|30_70': 950, 'DMC_EC|70_30': 380, 'EC_EMC|30_70|LiPF6|1.5': 570}"